Using pre-set license
Built from '2022.3/staging' branch; Version is '2022.3.59f1 (630718f645a5) revision 6489880'; Using compiler version '192829333'; Build Type 'Release'
OS: 'Windows 11  (10.0.26100) 64bit Core' Language: 'en' Physical Memory: 40660 MB
BatchMode: 1, IsHumanControllingUs: 0, StartBugReporterOnCrash: 0, Is64bit: 1, IsPro: 1

COMMAND LINE ARGUMENTS:
C:\Program Files\Unity\Hub\Editor\2022.3.59f1\Editor\Unity.exe
-adb2
-batchMode
-noUpm
-name
AssetImportWorker0
-projectPath
C:/Users/elite/OneDrive/Desktop/UNITY BUILDS/main-minerunner/Minerunner
-logFile
Logs/AssetImportWorker0.log
-srvPort
62563
Successfully changed project path to: C:/Users/elite/OneDrive/Desktop/UNITY BUILDS/main-minerunner/Minerunner
C:/Users/elite/OneDrive/Desktop/UNITY BUILDS/main-minerunner/Minerunner
[UnityMemory] Configuration Parameters - Can be set up in boot.config
    "memorysetup-bucket-allocator-granularity=16"
    "memorysetup-bucket-allocator-bucket-count=8"
    "memorysetup-bucket-allocator-block-size=33554432"
    "memorysetup-bucket-allocator-block-count=8"
    "memorysetup-main-allocator-block-size=16777216"
    "memorysetup-thread-allocator-block-size=16777216"
    "memorysetup-gfx-main-allocator-block-size=16777216"
    "memorysetup-gfx-thread-allocator-block-size=16777216"
    "memorysetup-cache-allocator-block-size=4194304"
    "memorysetup-typetree-allocator-block-size=2097152"
    "memorysetup-profiler-bucket-allocator-granularity=16"
    "memorysetup-profiler-bucket-allocator-bucket-count=8"
    "memorysetup-profiler-bucket-allocator-block-size=33554432"
    "memorysetup-profiler-bucket-allocator-block-count=8"
    "memorysetup-profiler-allocator-block-size=16777216"
    "memorysetup-profiler-editor-allocator-block-size=1048576"
    "memorysetup-temp-allocator-size-main=16777216"
    "memorysetup-job-temp-allocator-block-size=2097152"
    "memorysetup-job-temp-allocator-block-size-background=1048576"
    "memorysetup-job-temp-allocator-reduction-small-platforms=262144"
    "memorysetup-allocator-temp-initial-block-size-main=262144"
    "memorysetup-allocator-temp-initial-block-size-worker=262144"
    "memorysetup-temp-allocator-size-background-worker=32768"
    "memorysetup-temp-allocator-size-job-worker=262144"
    "memorysetup-temp-allocator-size-preload-manager=33554432"
    "memorysetup-temp-allocator-size-nav-mesh-worker=65536"
    "memorysetup-temp-allocator-size-audio-worker=65536"
    "memorysetup-temp-allocator-size-cloud-worker=32768"
    "memorysetup-temp-allocator-size-gi-baking-worker=262144"
    "memorysetup-temp-allocator-size-gfx=262144"
Player connection [33084]  Target information:

Player connection [33084]  * "[IP] 192.168.254.178 [Port] 0 [Flags] 2 [Guid] 130183104 [EditorId] 130183104 [Version] 1048832 [Id] WindowsEditor(7,MSI) [Debug] 1 [PackageName] WindowsEditor [ProjectName] Editor" 

Player connection [33084] Host joined multi-casting on [225.0.0.222:54997]...
Player connection [33084] Host joined alternative multi-casting on [225.0.0.222:34997]...
Input System module state changed to: Initialized.
[PhysX] Initialized MultithreadedTaskDispatcher with 16 workers.
Refreshing native plugins compatible for Editor in 14.26 ms, found 4 plugins.
Preloading 0 native plugins for Editor in 0.00 ms.
Initialize engine version: 2022.3.59f1 (630718f645a5)
[Subsystems] Discovering subsystems at path C:/Program Files/Unity/Hub/Editor/2022.3.59f1/Editor/Data/Resources/UnitySubsystems
[Subsystems] Discovering subsystems at path C:/Users/elite/OneDrive/Desktop/UNITY BUILDS/main-minerunner/Minerunner/Assets
GfxDevice: creating device client; threaded=0; jobified=0
Direct3D:
    Version:  Direct3D 11.0 [level 11.1]
    Renderer: NVIDIA GeForce RTX 4060 Laptop GPU (ID=0x28a0)
    Vendor:   NVIDIA
    VRAM:     7957 MB
    Driver:   32.0.15.7283
Initialize mono
Mono path[0] = 'C:/Program Files/Unity/Hub/Editor/2022.3.59f1/Editor/Data/Managed'
Mono path[1] = 'C:/Program Files/Unity/Hub/Editor/2022.3.59f1/Editor/Data/MonoBleedingEdge/lib/mono/unityjit-win32'
Mono config path = 'C:/Program Files/Unity/Hub/Editor/2022.3.59f1/Editor/Data/MonoBleedingEdge/etc'
Using monoOptions --debugger-agent=transport=dt_socket,embedding=1,server=y,suspend=n,address=127.0.0.1:56748
Begin MonoManager ReloadAssembly
Registering precompiled unity dll's ...
Register platform support module: C:/Program Files/Unity/Hub/Editor/2022.3.59f1/Editor/Data/PlaybackEngines/WebGLSupport/UnityEditor.WebGL.Extensions.dll
Register platform support module: C:/Program Files/Unity/Hub/Editor/2022.3.59f1/Editor/Data/PlaybackEngines/WindowsStandaloneSupport/UnityEditor.WindowsStandalone.Extensions.dll
Registered in 0.007421 seconds.
- Loaded All Assemblies, in  0.300 seconds
Native extension for WindowsStandalone target not found
Native extension for WebGL target not found
Mono: successfully reloaded assembly
- Finished resetting the current domain, in  0.204 seconds
Domain Reload Profiling: 503ms
	BeginReloadAssembly (100ms)
		ExecutionOrderSort (0ms)
		DisableScriptedObjects (0ms)
		BackupInstance (0ms)
		ReleaseScriptingObjects (0ms)
		CreateAndSetChildDomain (1ms)
	RebuildCommonClasses (28ms)
	RebuildNativeTypeToScriptingClass (8ms)
	initialDomainReloadingComplete (48ms)
	LoadAllAssembliesAndSetupDomain (114ms)
		LoadAssemblies (99ms)
		RebuildTransferFunctionScriptingTraits (0ms)
		AnalyzeDomain (112ms)
			TypeCache.Refresh (111ms)
				TypeCache.ScanAssembly (99ms)
			ScanForSourceGeneratedMonoScriptInfo (0ms)
			ResolveRequiredComponents (0ms)
	FinalizeReload (205ms)
		ReleaseScriptCaches (0ms)
		RebuildScriptCaches (0ms)
		SetupLoadedEditorAssemblies (170ms)
			LogAssemblyErrors (0ms)
			InitializePlatformSupportModulesInManaged (9ms)
			SetLoadedEditorAssemblies (5ms)
			RefreshPlugins (0ms)
			BeforeProcessingInitializeOnLoad (2ms)
			ProcessInitializeOnLoadAttributes (119ms)
			ProcessInitializeOnLoadMethodAttributes (35ms)
			AfterProcessingInitializeOnLoad (0ms)
			EditorAssembliesLoaded (0ms)
		ExecutionOrderSort2 (0ms)
		AwakeInstancesAfterBackupRestoration (0ms)
========================================================================
Worker process is ready to serve import requests
Caller must complete domain reload
Begin MonoManager ReloadAssembly
- Loaded All Assemblies, in  0.591 seconds
Native extension for WindowsStandalone target not found
Native extension for WebGL target not found
Mono: successfully reloaded assembly
- Finished resetting the current domain, in  0.518 seconds
Domain Reload Profiling: 1107ms
	BeginReloadAssembly (121ms)
		ExecutionOrderSort (0ms)
		DisableScriptedObjects (4ms)
		BackupInstance (0ms)
		ReleaseScriptingObjects (0ms)
		CreateAndSetChildDomain (17ms)
	RebuildCommonClasses (25ms)
	RebuildNativeTypeToScriptingClass (7ms)
	initialDomainReloadingComplete (34ms)
	LoadAllAssembliesAndSetupDomain (402ms)
		LoadAssemblies (306ms)
		RebuildTransferFunctionScriptingTraits (0ms)
		AnalyzeDomain (167ms)
			TypeCache.Refresh (144ms)
				TypeCache.ScanAssembly (130ms)
			ScanForSourceGeneratedMonoScriptInfo (18ms)
			ResolveRequiredComponents (4ms)
	FinalizeReload (518ms)
		ReleaseScriptCaches (0ms)
		RebuildScriptCaches (0ms)
		SetupLoadedEditorAssemblies (391ms)
			LogAssemblyErrors (0ms)
			InitializePlatformSupportModulesInManaged (6ms)
			SetLoadedEditorAssemblies (4ms)
			RefreshPlugins (0ms)
			BeforeProcessingInitializeOnLoad (65ms)
			ProcessInitializeOnLoadAttributes (278ms)
			ProcessInitializeOnLoadMethodAttributes (33ms)
			AfterProcessingInitializeOnLoad (5ms)
			EditorAssembliesLoaded (0ms)
		ExecutionOrderSort2 (0ms)
		AwakeInstancesAfterBackupRestoration (5ms)
Launched and connected shader compiler UnityShaderCompiler.exe after 0.05 seconds
Refreshing native plugins compatible for Editor in 7.41 ms, found 4 plugins.
Preloading 0 native plugins for Editor in 0.00 ms.
Unloading 4154 Unused Serialized files (Serialized files now loaded: 0)
Unloading 32 unused Assets / (30.3 KB). Loaded Objects now: 4647.
Memory consumption went from 162.5 MB to 162.5 MB.
Total: 3.677100 ms (FindLiveObjects: 0.315300 ms CreateObjectMapping: 0.201500 ms MarkObjects: 3.100100 ms  DeleteObjects: 0.058800 ms)

AssetImportParameters requested are different than current active one (requested -> active):
  custom:container-demuxer-ogg: 62fdf1f143b41e24485cea50d1cbac27 -> 
  custom:video-codec-MediaFoundation-h265: 746d11721c4dcdbdad8f713fa42b33f4 -> 
  custom:video-decoder-ogg-theora: a1e56fd34408186e4bbccfd4996cb3dc -> 
  custom:framework-win-MediaFoundation: 216162199b28c13a410421893ffa2e32 -> 
  custom:CustomObjectIndexerAttribute: 9a22284fe3817be447336de3de66b15e -> 
  custom:container-demuxer-webm: 4f35f7cbe854078d1ac9338744f61a02 -> 
  custom:container-muxer-webm: aa71ff27fc2769a1b78a27578f13a17b -> 
  custom:video-decoder-webm-vp8: 9c59270c3fd7afecdb556c50c9e8de78 -> 
  custom:SearchIndexIgnoredProperties: e643bd26f0fe6173181afceb89e7c659 -> 
  custom:AudioImporter_EditorPlatform: d09bf68614088b80899f8185d706f6e7 -> 
  custom:video-encoder-webm-vp8: eb34c28f22e8b96e1ab97ce403110664 -> 
  custom:audio-decoder-ogg-vorbis: bf7c407c2cedff20999df2af8eb42d56 -> 
  custom:audio-encoder-webm-vorbis: bf7c407c2cedff20999df2af8eb42d56 -> 
========================================================================
Received Import Request.
  Time since last request: 777014.206927 seconds.
  path: Assets/Prefabs/Blocked.prefab
  artifactKey: Guid(7966fd10301a87f4eb87145d8f28d007) Importer(815301076,1909f56bfc062723c751e8b465ee728b)
Start importing Assets/Prefabs/Blocked.prefab using Guid(7966fd10301a87f4eb87145d8f28d007) Importer(815301076,1909f56bfc062723c751e8b465ee728b) [PhysX] Initialized MultithreadedTaskDispatcher with 16 workers.
[PhysX] Initialized MultithreadedTaskDispatcher with 16 workers.
 -> (artifact id: 'd8bd0ed1a48dbe7588c171d332f4f2e7') in 0.132300 seconds
Number of updated asset objects reloaded before import = 0
Number of asset objects unloaded after import = 9
========================================================================
Received Import Request.
  Time since last request: 0.000033 seconds.
  path: Assets/Prefabs/5.prefab
  artifactKey: Guid(7638749320e7f614699a204fea16b869) Importer(815301076,1909f56bfc062723c751e8b465ee728b)
Start importing Assets/Prefabs/5.prefab using Guid(7638749320e7f614699a204fea16b869) Importer(815301076,1909f56bfc062723c751e8b465ee728b) [PhysX] Initialized MultithreadedTaskDispatcher with 16 workers.
[PhysX] Initialized MultithreadedTaskDispatcher with 16 workers.
 -> (artifact id: '2178d30a10537731634a7fcf878966b9') in 0.023217 seconds
Number of updated asset objects reloaded before import = 0
Number of asset objects unloaded after import = 7
========================================================================
Received Import Request.
  Time since last request: 0.000015 seconds.
  path: Assets/Prefabs/Detonator.prefab
  artifactKey: Guid(de1767e04c2c734409e1628a3a9e6c7f) Importer(815301076,1909f56bfc062723c751e8b465ee728b)
Start importing Assets/Prefabs/Detonator.prefab using Guid(de1767e04c2c734409e1628a3a9e6c7f) Importer(815301076,1909f56bfc062723c751e8b465ee728b) [PhysX] Initialized MultithreadedTaskDispatcher with 16 workers.
[PhysX] Initialized MultithreadedTaskDispatcher with 16 workers.
 -> (artifact id: '80075149e54d1db378dab36d7a2822d4') in 0.075126 seconds
Number of updated asset objects reloaded before import = 0
Number of asset objects unloaded after import = 30
========================================================================
Received Import Request.
  Time since last request: 0.000014 seconds.
  path: Assets/Prefabs/MovementWorldSpace.prefab
  artifactKey: Guid(a5be179004f649e4e9602993a51c3afc) Importer(815301076,1909f56bfc062723c751e8b465ee728b)
Start importing Assets/Prefabs/MovementWorldSpace.prefab using Guid(a5be179004f649e4e9602993a51c3afc) Importer(815301076,1909f56bfc062723c751e8b465ee728b) [PhysX] Initialized MultithreadedTaskDispatcher with 16 workers.
 -> (artifact id: '35431cc108e1e39a9b3ac3112b1426b1') in 0.080814 seconds
Number of updated asset objects reloaded before import = 0
Number of asset objects unloaded after import = 48
========================================================================
Received Import Request.
  Time since last request: 0.000016 seconds.
  path: Assets/Prefabs/Teleporter Variant.prefab
  artifactKey: Guid(eabc73ce662edce489862c186ee3cb15) Importer(815301076,1909f56bfc062723c751e8b465ee728b)
Start importing Assets/Prefabs/Teleporter Variant.prefab using Guid(eabc73ce662edce489862c186ee3cb15) Importer(815301076,1909f56bfc062723c751e8b465ee728b) [PhysX] Initialized MultithreadedTaskDispatcher with 16 workers.
[PhysX] Initialized MultithreadedTaskDispatcher with 16 workers.
 -> (artifact id: '24cdd4d06153a3144306e6f0d292df9c') in 0.031533 seconds
Number of updated asset objects reloaded before import = 0
Number of asset objects unloaded after import = 43
========================================================================
Received Import Request.
  Time since last request: 0.000017 seconds.
  path: Assets/Prefabs/8.prefab
  artifactKey: Guid(5cc507bded6dfd0479dcc229ecb1134c) Importer(815301076,1909f56bfc062723c751e8b465ee728b)
Start importing Assets/Prefabs/8.prefab using Guid(5cc507bded6dfd0479dcc229ecb1134c) Importer(815301076,1909f56bfc062723c751e8b465ee728b) [PhysX] Initialized MultithreadedTaskDispatcher with 16 workers.
[PhysX] Initialized MultithreadedTaskDispatcher with 16 workers.
 -> (artifact id: '1c9a6a993b6a895269b70738fa7a550a') in 0.021001 seconds
Number of updated asset objects reloaded before import = 0
Number of asset objects unloaded after import = 7
========================================================================
Received Import Request.
  Time since last request: 0.000040 seconds.
  path: Assets/Prefabs/EndCell.prefab
  artifactKey: Guid(135bd05b360798c4c9fe92511f7d92b1) Importer(815301076,1909f56bfc062723c751e8b465ee728b)
Start importing Assets/Prefabs/EndCell.prefab using Guid(135bd05b360798c4c9fe92511f7d92b1) Importer(815301076,1909f56bfc062723c751e8b465ee728b) [PhysX] Initialized MultithreadedTaskDispatcher with 16 workers.
[PhysX] Initialized MultithreadedTaskDispatcher with 16 workers.
 -> (artifact id: 'ea8be95293b1cd9b5a0135675e72b048') in 0.023283 seconds
Number of updated asset objects reloaded before import = 0
Number of asset objects unloaded after import = 10
========================================================================
Received Import Request.
  Time since last request: 0.000019 seconds.
  path: Assets/Prefabs/Tutorial Panel.prefab
  artifactKey: Guid(34a067031ff55d449b879d202cafd7e4) Importer(815301076,1909f56bfc062723c751e8b465ee728b)
Start importing Assets/Prefabs/Tutorial Panel.prefab using Guid(34a067031ff55d449b879d202cafd7e4) Importer(815301076,1909f56bfc062723c751e8b465ee728b) [PhysX] Initialized MultithreadedTaskDispatcher with 16 workers.
 -> (artifact id: '661fabb345f7ce800438a8c477a99c77') in 0.035050 seconds
Number of updated asset objects reloaded before import = 0
Number of asset objects unloaded after import = 51
========================================================================
Received Import Request.
  Time since last request: 0.000014 seconds.
  path: Assets/Prefabs/Player.prefab
  artifactKey: Guid(75b34198aa48c0d4da56f9a80b977d99) Importer(815301076,1909f56bfc062723c751e8b465ee728b)
Start importing Assets/Prefabs/Player.prefab using Guid(75b34198aa48c0d4da56f9a80b977d99) Importer(815301076,1909f56bfc062723c751e8b465ee728b) [PhysX] Initialized MultithreadedTaskDispatcher with 16 workers.
[PhysX] Initialized MultithreadedTaskDispatcher with 16 workers.
 -> (artifact id: 'be11c8ff25678ee7d9d10457c6cec6c5') in 0.042401 seconds
Number of updated asset objects reloaded before import = 0
Number of asset objects unloaded after import = 61
========================================================================
Received Import Request.
  Time since last request: 0.000017 seconds.
  path: Assets/Prefabs/Mine.prefab
  artifactKey: Guid(375f0fd9268cc0e4bb27c000a7a388e1) Importer(815301076,1909f56bfc062723c751e8b465ee728b)
Start importing Assets/Prefabs/Mine.prefab using Guid(375f0fd9268cc0e4bb27c000a7a388e1) Importer(815301076,1909f56bfc062723c751e8b465ee728b) [PhysX] Initialized MultithreadedTaskDispatcher with 16 workers.
[PhysX] Initialized MultithreadedTaskDispatcher with 16 workers.
 -> (artifact id: '8db7a975666cbe8d61f3e294464181ac') in 0.040806 seconds
Number of updated asset objects reloaded before import = 0
Number of asset objects unloaded after import = 32
========================================================================
Received Import Request.
  Time since last request: 0.000020 seconds.
  path: Assets/Prefabs/f.prefab
  artifactKey: Guid(690d3a01b89c2384d8af578b2b9e3f22) Importer(815301076,1909f56bfc062723c751e8b465ee728b)
Start importing Assets/Prefabs/f.prefab using Guid(690d3a01b89c2384d8af578b2b9e3f22) Importer(815301076,1909f56bfc062723c751e8b465ee728b) [PhysX] Initialized MultithreadedTaskDispatcher with 16 workers.
 -> (artifact id: '79b06d9f0b391ee2b13fd5c5c1b7e86a') in 0.002187 seconds
Number of updated asset objects reloaded before import = 0
Number of asset objects unloaded after import = 7
========================================================================
Received Import Request.
  Time since last request: 0.000015 seconds.
  path: Assets/Prefabs/manager.prefab
  artifactKey: Guid(06a394f4707b5104fadb4cc7791c2e74) Importer(815301076,1909f56bfc062723c751e8b465ee728b)
Start importing Assets/Prefabs/manager.prefab using Guid(06a394f4707b5104fadb4cc7791c2e74) Importer(815301076,1909f56bfc062723c751e8b465ee728b) [PhysX] Initialized MultithreadedTaskDispatcher with 16 workers.
[PhysX] Initialized MultithreadedTaskDispatcher with 16 workers.
 -> (artifact id: '5576ccc8259250cf6314950d11473eeb') in 0.023051 seconds
Number of updated asset objects reloaded before import = 0
Number of asset objects unloaded after import = 9
========================================================================
Received Import Request.
  Time since last request: 0.000021 seconds.
  path: Assets/Prefabs/RangeUp.prefab
  artifactKey: Guid(8e1f85407b02a42f7a9f3f1a30debab9) Importer(815301076,1909f56bfc062723c751e8b465ee728b)
Start importing Assets/Prefabs/RangeUp.prefab using Guid(8e1f85407b02a42f7a9f3f1a30debab9) Importer(815301076,1909f56bfc062723c751e8b465ee728b) [PhysX] Initialized MultithreadedTaskDispatcher with 16 workers.
[PhysX] Initialized MultithreadedTaskDispatcher with 16 workers.
 -> (artifact id: '924e94efbfb88a41777004e9c188e0e7') in 0.034493 seconds
Number of updated asset objects reloaded before import = 0
Number of asset objects unloaded after import = 32
========================================================================
Received Import Request.
  Time since last request: 0.000019 seconds.
  path: Assets/Prefabs/Explosion 1.prefab
  artifactKey: Guid(ab63078971904425cb4428213b288efe) Importer(815301076,1909f56bfc062723c751e8b465ee728b)
Start importing Assets/Prefabs/Explosion 1.prefab using Guid(ab63078971904425cb4428213b288efe) Importer(815301076,1909f56bfc062723c751e8b465ee728b) [PhysX] Initialized MultithreadedTaskDispatcher with 16 workers.
[PhysX] Initialized MultithreadedTaskDispatcher with 16 workers.
 -> (artifact id: 'f1c44f52e98ce3d0144e0443f831fb4f') in 0.023541 seconds
Number of updated asset objects reloaded before import = 0
Number of asset objects unloaded after import = 8
========================================================================
Received Import Request.
  Time since last request: 0.000027 seconds.
  path: Assets/Prefabs/EventSystem.prefab
  artifactKey: Guid(1f0c3ecffcae5e145b382e3face30ab1) Importer(815301076,1909f56bfc062723c751e8b465ee728b)
Start importing Assets/Prefabs/EventSystem.prefab using Guid(1f0c3ecffcae5e145b382e3face30ab1) Importer(815301076,1909f56bfc062723c751e8b465ee728b) [PhysX] Initialized MultithreadedTaskDispatcher with 16 workers.
 -> (artifact id: '1109f0298c55e1b510babc800284ae13') in 0.005366 seconds
Number of updated asset objects reloaded before import = 0
Number of asset objects unloaded after import = 6
========================================================================
Received Import Request.
  Time since last request: 6.577477 seconds.
  path: Assets/Prefabs/MovementWorldSpace.prefab
  artifactKey: Guid(a5be179004f649e4e9602993a51c3afc) Importer(815301076,1909f56bfc062723c751e8b465ee728b)
Start importing Assets/Prefabs/MovementWorldSpace.prefab using Guid(a5be179004f649e4e9602993a51c3afc) Importer(815301076,1909f56bfc062723c751e8b465ee728b) [PhysX] Initialized MultithreadedTaskDispatcher with 16 workers.
 -> (artifact id: '43afb86769705131c7dc38d0a3c727c3') in 0.014529 seconds
Number of updated asset objects reloaded before import = 0
Number of asset objects unloaded after import = 48
========================================================================
Received Import Request.
  Time since last request: 8.181447 seconds.
  path: Assets/Prefabs/PlayerUI.prefab
  artifactKey: Guid(5ea641da15d19c54f9b517eea4ad8fcf) Importer(815301076,1909f56bfc062723c751e8b465ee728b)
Start importing Assets/Prefabs/PlayerUI.prefab using Guid(5ea641da15d19c54f9b517eea4ad8fcf) Importer(815301076,1909f56bfc062723c751e8b465ee728b) [PhysX] Initialized MultithreadedTaskDispatcher with 16 workers.
 -> (artifact id: '09c0863d69219957339c2c0db044cfaa') in 0.020422 seconds
Number of updated asset objects reloaded before import = 0
Number of asset objects unloaded after import = 227
========================================================================
Received Import Request.
  Time since last request: 25.562839 seconds.
  path: Assets/Prefabs/PlayerUI.prefab
  artifactKey: Guid(5ea641da15d19c54f9b517eea4ad8fcf) Importer(815301076,1909f56bfc062723c751e8b465ee728b)
Start importing Assets/Prefabs/PlayerUI.prefab using Guid(5ea641da15d19c54f9b517eea4ad8fcf) Importer(815301076,1909f56bfc062723c751e8b465ee728b) [PhysX] Initialized MultithreadedTaskDispatcher with 16 workers.
 -> (artifact id: 'bac36aa543a8dd9ce84f1e9a9dedaf33') in 0.016811 seconds
Number of updated asset objects reloaded before import = 0
Number of asset objects unloaded after import = 236
========================================================================
Received Import Request.
  Time since last request: 5.254735 seconds.
  path: Assets/Prefabs/PlayerUI.prefab
  artifactKey: Guid(5ea641da15d19c54f9b517eea4ad8fcf) Importer(815301076,1909f56bfc062723c751e8b465ee728b)
Start importing Assets/Prefabs/PlayerUI.prefab using Guid(5ea641da15d19c54f9b517eea4ad8fcf) Importer(815301076,1909f56bfc062723c751e8b465ee728b) [PhysX] Initialized MultithreadedTaskDispatcher with 16 workers.
 -> (artifact id: 'f99e498209443cede74c6b5687c97dee') in 0.020978 seconds
Number of updated asset objects reloaded before import = 0
Number of asset objects unloaded after import = 236
========================================================================
Received Import Request.
  Time since last request: 18.039133 seconds.
  path: Assets/Prefabs/PlayerUI.prefab
  artifactKey: Guid(5ea641da15d19c54f9b517eea4ad8fcf) Importer(815301076,1909f56bfc062723c751e8b465ee728b)
Start importing Assets/Prefabs/PlayerUI.prefab using Guid(5ea641da15d19c54f9b517eea4ad8fcf) Importer(815301076,1909f56bfc062723c751e8b465ee728b) [PhysX] Initialized MultithreadedTaskDispatcher with 16 workers.
 -> (artifact id: '2ce2f239713ebe79af8998c6dfc3d4f8') in 0.017351 seconds
Number of updated asset objects reloaded before import = 0
Number of asset objects unloaded after import = 236
========================================================================
Received Import Request.
  Time since last request: 20.416410 seconds.
  path: Assets/Prefabs/PlayerUI.prefab
  artifactKey: Guid(5ea641da15d19c54f9b517eea4ad8fcf) Importer(815301076,1909f56bfc062723c751e8b465ee728b)
Start importing Assets/Prefabs/PlayerUI.prefab using Guid(5ea641da15d19c54f9b517eea4ad8fcf) Importer(815301076,1909f56bfc062723c751e8b465ee728b) [PhysX] Initialized MultithreadedTaskDispatcher with 16 workers.
 -> (artifact id: '53e7d8bbc617b2f394f5de353851d68d') in 0.028100 seconds
Number of updated asset objects reloaded before import = 0
Number of asset objects unloaded after import = 236
========================================================================
Received Import Request.
  Time since last request: 5.238238 seconds.
  path: Assets/Prefabs/PlayerUI.prefab
  artifactKey: Guid(5ea641da15d19c54f9b517eea4ad8fcf) Importer(815301076,1909f56bfc062723c751e8b465ee728b)
Start importing Assets/Prefabs/PlayerUI.prefab using Guid(5ea641da15d19c54f9b517eea4ad8fcf) Importer(815301076,1909f56bfc062723c751e8b465ee728b) [PhysX] Initialized MultithreadedTaskDispatcher with 16 workers.
 -> (artifact id: 'f848e813d09a0f0beba2a4e3eec6a6e9') in 0.017288 seconds
Number of updated asset objects reloaded before import = 0
Number of asset objects unloaded after import = 236
========================================================================
Received Import Request.
  Time since last request: 2.818478 seconds.
  path: Assets/Prefabs/PlayerUI.prefab
  artifactKey: Guid(5ea641da15d19c54f9b517eea4ad8fcf) Importer(815301076,1909f56bfc062723c751e8b465ee728b)
Start importing Assets/Prefabs/PlayerUI.prefab using Guid(5ea641da15d19c54f9b517eea4ad8fcf) Importer(815301076,1909f56bfc062723c751e8b465ee728b) [PhysX] Initialized MultithreadedTaskDispatcher with 16 workers.
 -> (artifact id: '1eab6bd4e27b712b8b981d1d53dd096a') in 0.031374 seconds
Number of updated asset objects reloaded before import = 0
Number of asset objects unloaded after import = 236
========================================================================
Received Import Request.
  Time since last request: 3.071795 seconds.
  path: Assets/Prefabs/PlayerUI.prefab
  artifactKey: Guid(5ea641da15d19c54f9b517eea4ad8fcf) Importer(815301076,1909f56bfc062723c751e8b465ee728b)
Start importing Assets/Prefabs/PlayerUI.prefab using Guid(5ea641da15d19c54f9b517eea4ad8fcf) Importer(815301076,1909f56bfc062723c751e8b465ee728b) [PhysX] Initialized MultithreadedTaskDispatcher with 16 workers.
 -> (artifact id: '250458142a40235b372f118692a45390') in 0.018367 seconds
Number of updated asset objects reloaded before import = 0
Number of asset objects unloaded after import = 236
========================================================================
Received Import Request.
  Time since last request: 9.788682 seconds.
  path: Assets/Scenes/Basic Scene.scenetemplate
  artifactKey: Guid(53000055ed4402440aa71c7019eaaaf9) Importer(815301076,1909f56bfc062723c751e8b465ee728b)
Start importing Assets/Scenes/Basic Scene.scenetemplate using Guid(53000055ed4402440aa71c7019eaaaf9) Importer(815301076,1909f56bfc062723c751e8b465ee728b) [PhysX] Initialized MultithreadedTaskDispatcher with 16 workers.
[PhysX] Initialized MultithreadedTaskDispatcher with 16 workers.
 -> (artifact id: '1d48ec384cadc54217ac953de20177d1') in 0.295287 seconds
Number of updated asset objects reloaded before import = 0
Number of asset objects unloaded after import = 456
========================================================================
Received Import Request.
  Time since last request: 118.337823 seconds.
  path: Assets/Scenes/Basic Scene.scenetemplate
  artifactKey: Guid(53000055ed4402440aa71c7019eaaaf9) Importer(815301076,1909f56bfc062723c751e8b465ee728b)
Start importing Assets/Scenes/Basic Scene.scenetemplate using Guid(53000055ed4402440aa71c7019eaaaf9) Importer(815301076,1909f56bfc062723c751e8b465ee728b) [PhysX] Initialized MultithreadedTaskDispatcher with 16 workers.
[PhysX] Initialized MultithreadedTaskDispatcher with 16 workers.
 -> (artifact id: 'ffe361bce177556b4a4a0acbca3b6323') in 0.224059 seconds
Number of updated asset objects reloaded before import = 0
Number of asset objects unloaded after import = 447
========================================================================
Received Import Request.
  Time since last request: 77.928839 seconds.
  path: Assets/Scenes/Temple/mine.png
  artifactKey: Guid(a1730aba1e6ac3447ad971a5b652d94a) Importer(815301076,1909f56bfc062723c751e8b465ee728b)
Start importing Assets/Scenes/Temple/mine.png using Guid(a1730aba1e6ac3447ad971a5b652d94a) Importer(815301076,1909f56bfc062723c751e8b465ee728b) [PhysX] Initialized MultithreadedTaskDispatcher with 16 workers.
[PhysX] Initialized MultithreadedTaskDispatcher with 16 workers.
 -> (artifact id: '93826a1dfa6daead917abd6e7df724f2') in 0.091334 seconds
Number of updated asset objects reloaded before import = 0
Number of asset objects unloaded after import = 3
========================================================================
Received Import Request.
  Time since last request: 0.000065 seconds.
  path: Assets/sprites/Tutorial Sprites/plus-sign.png
  artifactKey: Guid(5a1959e067da3be4fb545baf030b8928) Importer(815301076,1909f56bfc062723c751e8b465ee728b)
Start importing Assets/sprites/Tutorial Sprites/plus-sign.png using Guid(5a1959e067da3be4fb545baf030b8928) Importer(815301076,1909f56bfc062723c751e8b465ee728b) [PhysX] Initialized MultithreadedTaskDispatcher with 16 workers.
[PhysX] Initialized MultithreadedTaskDispatcher with 16 workers.
 -> (artifact id: 'af17e1217e134d641a8ef0b283010e88') in 0.045894 seconds
Number of updated asset objects reloaded before import = 0
Number of asset objects unloaded after import = 3
========================================================================
Received Import Request.
  Time since last request: 0.000039 seconds.
  path: Assets/sprites/Tutorial Sprites/RangeUp Instructions.png
  artifactKey: Guid(da5f88349f13b4aa8a3971d016d99235) Importer(815301076,1909f56bfc062723c751e8b465ee728b)
Start importing Assets/sprites/Tutorial Sprites/RangeUp Instructions.png using Guid(da5f88349f13b4aa8a3971d016d99235) Importer(815301076,1909f56bfc062723c751e8b465ee728b) [PhysX] Initialized MultithreadedTaskDispatcher with 16 workers.
[PhysX] Initialized MultithreadedTaskDispatcher with 16 workers.
 -> (artifact id: '9a9dc8c996bd5103a44de998cd71cf2a') in 0.036016 seconds
Number of updated asset objects reloaded before import = 0
Number of asset objects unloaded after import = 3
========================================================================
Received Import Request.
  Time since last request: 0.000053 seconds.
  path: Assets/sprites/Range up icon.png
  artifactKey: Guid(c77a21d7375f23240be6177912f3ac13) Importer(815301076,1909f56bfc062723c751e8b465ee728b)
Start importing Assets/sprites/Range up icon.png using Guid(c77a21d7375f23240be6177912f3ac13) Importer(815301076,1909f56bfc062723c751e8b465ee728b) [PhysX] Initialized MultithreadedTaskDispatcher with 16 workers.
[PhysX] Initialized MultithreadedTaskDispatcher with 16 workers.
 -> (artifact id: 'bab56838373a0f7fea165c84b4738a5e') in 0.040890 seconds
Number of updated asset objects reloaded before import = 0
Number of asset objects unloaded after import = 3
========================================================================
Received Import Request.
  Time since last request: 16.149642 seconds.
  path: Assets/Prefabs/PlayerUI.prefab
  artifactKey: Guid(5ea641da15d19c54f9b517eea4ad8fcf) Importer(815301076,1909f56bfc062723c751e8b465ee728b)
Start importing Assets/Prefabs/PlayerUI.prefab using Guid(5ea641da15d19c54f9b517eea4ad8fcf) Importer(815301076,1909f56bfc062723c751e8b465ee728b) [PhysX] Initialized MultithreadedTaskDispatcher with 16 workers.
 -> (artifact id: '87bd83554f7420b53105fc76014b403f') in 0.028705 seconds
Number of updated asset objects reloaded before import = 0
Number of asset objects unloaded after import = 227
========================================================================
Received Import Request.
  Time since last request: 3.835360 seconds.
  path: Assets/Prefabs/PlayerUI.prefab
  artifactKey: Guid(5ea641da15d19c54f9b517eea4ad8fcf) Importer(815301076,1909f56bfc062723c751e8b465ee728b)
Start importing Assets/Prefabs/PlayerUI.prefab using Guid(5ea641da15d19c54f9b517eea4ad8fcf) Importer(815301076,1909f56bfc062723c751e8b465ee728b) [PhysX] Initialized MultithreadedTaskDispatcher with 16 workers.
 -> (artifact id: '2fc1813022da7c12db3bad458359c2d0') in 0.017790 seconds
Number of updated asset objects reloaded before import = 0
Number of asset objects unloaded after import = 227
========================================================================
Received Import Request.
  Time since last request: 7.130257 seconds.
  path: Assets/Prefabs/PlayerUI.prefab
  artifactKey: Guid(5ea641da15d19c54f9b517eea4ad8fcf) Importer(815301076,1909f56bfc062723c751e8b465ee728b)
Start importing Assets/Prefabs/PlayerUI.prefab using Guid(5ea641da15d19c54f9b517eea4ad8fcf) Importer(815301076,1909f56bfc062723c751e8b465ee728b) [PhysX] Initialized MultithreadedTaskDispatcher with 16 workers.
 -> (artifact id: '43ff3674a6705cff6e28de9ac999dc50') in 0.017983 seconds
Number of updated asset objects reloaded before import = 0
Number of asset objects unloaded after import = 227
========================================================================
Received Import Request.
  Time since last request: 5.263902 seconds.
  path: Assets/Scenes/Temple/Triangle.png
  artifactKey: Guid(654aa1a0005ce9a449ea05515b0bfcab) Importer(815301076,1909f56bfc062723c751e8b465ee728b)
Start importing Assets/Scenes/Temple/Triangle.png using Guid(654aa1a0005ce9a449ea05515b0bfcab) Importer(815301076,1909f56bfc062723c751e8b465ee728b) [PhysX] Initialized MultithreadedTaskDispatcher with 16 workers.
[PhysX] Initialized MultithreadedTaskDispatcher with 16 workers.
 -> (artifact id: 'c7e69c8c011d4bc952453f2512828a64') in 0.051924 seconds
Number of updated asset objects reloaded before import = 0
Number of asset objects unloaded after import = 3
========================================================================
Received Import Request.
  Time since last request: 1.817990 seconds.
  path: Assets/sprites/mine.png
  artifactKey: Guid(b6c510865dba4744ca4877992b8b7a43) Importer(815301076,1909f56bfc062723c751e8b465ee728b)
Start importing Assets/sprites/mine.png using Guid(b6c510865dba4744ca4877992b8b7a43) Importer(815301076,1909f56bfc062723c751e8b465ee728b) [PhysX] Initialized MultithreadedTaskDispatcher with 16 workers.
[PhysX] Initialized MultithreadedTaskDispatcher with 16 workers.
 -> (artifact id: '4d94f8c0edbd34e8fb73aa64bf5b2c52') in 0.072918 seconds
Number of updated asset objects reloaded before import = 0
Number of asset objects unloaded after import = 3
========================================================================
Received Import Request.
  Time since last request: 1.334240 seconds.
  path: Assets/sprites/Tutorial Sprites/letter-f.png
  artifactKey: Guid(18d7b52816e9e53418c8f0d47ef002f4) Importer(815301076,1909f56bfc062723c751e8b465ee728b)
Start importing Assets/sprites/Tutorial Sprites/letter-f.png using Guid(18d7b52816e9e53418c8f0d47ef002f4) Importer(815301076,1909f56bfc062723c751e8b465ee728b) [PhysX] Initialized MultithreadedTaskDispatcher with 16 workers.
[PhysX] Initialized MultithreadedTaskDispatcher with 16 workers.
 -> (artifact id: '959be4e1ed7e19fe774ff03427b45bca') in 0.065862 seconds
Number of updated asset objects reloaded before import = 0
Number of asset objects unloaded after import = 3
========================================================================
Received Import Request.
  Time since last request: 6.127109 seconds.
  path: Assets/sprites/Tutorial Sprites/Flag Instructions.png
  artifactKey: Guid(9b1979779ca50445bb15886f5be0cd7a) Importer(815301076,1909f56bfc062723c751e8b465ee728b)
Start importing Assets/sprites/Tutorial Sprites/Flag Instructions.png using Guid(9b1979779ca50445bb15886f5be0cd7a) Importer(815301076,1909f56bfc062723c751e8b465ee728b) [PhysX] Initialized MultithreadedTaskDispatcher with 16 workers.
[PhysX] Initialized MultithreadedTaskDispatcher with 16 workers.
 -> (artifact id: 'dcb1e54b6125520ec41ab124a910aea9') in 0.081002 seconds
Number of updated asset objects reloaded before import = 0
Number of asset objects unloaded after import = 3
========================================================================
Received Import Request.
  Time since last request: 0.279281 seconds.
  path: Assets/sprites/Tutorial Sprites/enter.png
  artifactKey: Guid(f31741b5a723fdd4ea2a753a0401ecf6) Importer(815301076,1909f56bfc062723c751e8b465ee728b)
Start importing Assets/sprites/Tutorial Sprites/enter.png using Guid(f31741b5a723fdd4ea2a753a0401ecf6) Importer(815301076,1909f56bfc062723c751e8b465ee728b) [PhysX] Initialized MultithreadedTaskDispatcher with 16 workers.
[PhysX] Initialized MultithreadedTaskDispatcher with 16 workers.
 -> (artifact id: 'f74351331adc25ad812ed51a4f05c4d7') in 0.048422 seconds
Number of updated asset objects reloaded before import = 0
Number of asset objects unloaded after import = 3
========================================================================
Received Import Request.
  Time since last request: 0.000015 seconds.
  path: Assets/Scenes/Temple/detonator_new.png
  artifactKey: Guid(73ad73c49a55a014c81cad73935c7d2f) Importer(815301076,1909f56bfc062723c751e8b465ee728b)
Start importing Assets/Scenes/Temple/detonator_new.png using Guid(73ad73c49a55a014c81cad73935c7d2f) Importer(815301076,1909f56bfc062723c751e8b465ee728b) [PhysX] Initialized MultithreadedTaskDispatcher with 16 workers.
[PhysX] Initialized MultithreadedTaskDispatcher with 16 workers.
 -> (artifact id: 'df2a485069e015f3f69406b1a7751aa7') in 0.038867 seconds
Number of updated asset objects reloaded before import = 0
Number of asset objects unloaded after import = 3
========================================================================
Received Import Request.
  Time since last request: 0.168978 seconds.
  path: Assets/sprites/BlackFlag.png
  artifactKey: Guid(772c4646e5a7c407e954d92031b612de) Importer(815301076,1909f56bfc062723c751e8b465ee728b)
Start importing Assets/sprites/BlackFlag.png using Guid(772c4646e5a7c407e954d92031b612de) Importer(815301076,1909f56bfc062723c751e8b465ee728b) [PhysX] Initialized MultithreadedTaskDispatcher with 16 workers.
[PhysX] Initialized MultithreadedTaskDispatcher with 16 workers.
 -> (artifact id: 'e599e30233032913e990721717ce7a99') in 0.027152 seconds
Number of updated asset objects reloaded before import = 0
Number of asset objects unloaded after import = 3
========================================================================
Received Import Request.
  Time since last request: 0.019800 seconds.
  path: Assets/Scenes/Temple/8.png
  artifactKey: Guid(9aba4e4a8d82c6c4d9f3bc78b4a695e9) Importer(815301076,1909f56bfc062723c751e8b465ee728b)
Start importing Assets/Scenes/Temple/8.png using Guid(9aba4e4a8d82c6c4d9f3bc78b4a695e9) Importer(815301076,1909f56bfc062723c751e8b465ee728b) [PhysX] Initialized MultithreadedTaskDispatcher with 16 workers.
[PhysX] Initialized MultithreadedTaskDispatcher with 16 workers.
 -> (artifact id: '4fa4328c088eae606b0e04f73200d70b') in 0.024647 seconds
Number of updated asset objects reloaded before import = 0
Number of asset objects unloaded after import = 3
========================================================================
Received Import Request.
  Time since last request: 0.277388 seconds.
  path: Assets/Scenes/Temple/7.png
  artifactKey: Guid(34a2fc2d53ca2cf46bf7de060e61ccf8) Importer(815301076,1909f56bfc062723c751e8b465ee728b)
Start importing Assets/Scenes/Temple/7.png using Guid(34a2fc2d53ca2cf46bf7de060e61ccf8) Importer(815301076,1909f56bfc062723c751e8b465ee728b) [PhysX] Initialized MultithreadedTaskDispatcher with 16 workers.
[PhysX] Initialized MultithreadedTaskDispatcher with 16 workers.
 -> (artifact id: 'e175f2656d4c7c2a45e51f4216b30827') in 0.038262 seconds
Number of updated asset objects reloaded before import = 0
Number of asset objects unloaded after import = 3
========================================================================
Received Import Request.
  Time since last request: 0.266296 seconds.
  path: Assets/Scenes/Temple/6.png
  artifactKey: Guid(670061c4f5f08ed47906fe3c48e55945) Importer(815301076,1909f56bfc062723c751e8b465ee728b)
Start importing Assets/Scenes/Temple/6.png using Guid(670061c4f5f08ed47906fe3c48e55945) Importer(815301076,1909f56bfc062723c751e8b465ee728b) [PhysX] Initialized MultithreadedTaskDispatcher with 16 workers.
[PhysX] Initialized MultithreadedTaskDispatcher with 16 workers.
 -> (artifact id: 'b29114208e62ae754137d1bc9d504f61') in 0.064064 seconds
Number of updated asset objects reloaded before import = 0
Number of asset objects unloaded after import = 3
========================================================================
Received Import Request.
  Time since last request: 0.017925 seconds.
  path: Assets/Scenes/Temple/5.png
  artifactKey: Guid(f01102ea127fd8a4f990a270de336a18) Importer(815301076,1909f56bfc062723c751e8b465ee728b)
Start importing Assets/Scenes/Temple/5.png using Guid(f01102ea127fd8a4f990a270de336a18) Importer(815301076,1909f56bfc062723c751e8b465ee728b) [PhysX] Initialized MultithreadedTaskDispatcher with 16 workers.
[PhysX] Initialized MultithreadedTaskDispatcher with 16 workers.
 -> (artifact id: 'd14485b24c2465828fff308691f22eb4') in 0.049090 seconds
Number of updated asset objects reloaded before import = 0
Number of asset objects unloaded after import = 3
========================================================================
Received Import Request.
  Time since last request: 0.202028 seconds.
  path: Assets/Scenes/Temple/4.png
  artifactKey: Guid(e91d213922d15ca40b174226e7df8efc) Importer(815301076,1909f56bfc062723c751e8b465ee728b)
Start importing Assets/Scenes/Temple/4.png using Guid(e91d213922d15ca40b174226e7df8efc) Importer(815301076,1909f56bfc062723c751e8b465ee728b) [PhysX] Initialized MultithreadedTaskDispatcher with 16 workers.
[PhysX] Initialized MultithreadedTaskDispatcher with 16 workers.
 -> (artifact id: '0fc79645c133c309d508b0b4074b1037') in 0.023255 seconds
Number of updated asset objects reloaded before import = 0
Number of asset objects unloaded after import = 3
========================================================================
Received Import Request.
  Time since last request: 0.008054 seconds.
  path: Assets/Scenes/Temple/3.png
  artifactKey: Guid(fc56eb6f7c9f91c41bce5f460c2e0941) Importer(815301076,1909f56bfc062723c751e8b465ee728b)
Start importing Assets/Scenes/Temple/3.png using Guid(fc56eb6f7c9f91c41bce5f460c2e0941) Importer(815301076,1909f56bfc062723c751e8b465ee728b) [PhysX] Initialized MultithreadedTaskDispatcher with 16 workers.
[PhysX] Initialized MultithreadedTaskDispatcher with 16 workers.
 -> (artifact id: 'c9c2e5409ef573e8aa4f8fa44d8f0fbf') in 0.025711 seconds
Number of updated asset objects reloaded before import = 0
Number of asset objects unloaded after import = 3
========================================================================
Received Import Request.
  Time since last request: 0.262207 seconds.
  path: Assets/Scenes/Temple/2.png
  artifactKey: Guid(66ce9a67975ab2342afde7f1122e7c36) Importer(815301076,1909f56bfc062723c751e8b465ee728b)
Start importing Assets/Scenes/Temple/2.png using Guid(66ce9a67975ab2342afde7f1122e7c36) Importer(815301076,1909f56bfc062723c751e8b465ee728b) [PhysX] Initialized MultithreadedTaskDispatcher with 16 workers.
[PhysX] Initialized MultithreadedTaskDispatcher with 16 workers.
 -> (artifact id: '3e9b803c9b0d66d5ae2e6992b82d5a16') in 0.076720 seconds
Number of updated asset objects reloaded before import = 0
Number of asset objects unloaded after import = 3
========================================================================
Received Import Request.
  Time since last request: 0.000420 seconds.
  path: Assets/sprites/Numbers/2.png
  artifactKey: Guid(c284b1efdb570f248ae7432b7be5aa8e) Importer(815301076,1909f56bfc062723c751e8b465ee728b)
Start importing Assets/sprites/Numbers/2.png using Guid(c284b1efdb570f248ae7432b7be5aa8e) Importer(815301076,1909f56bfc062723c751e8b465ee728b) [PhysX] Initialized MultithreadedTaskDispatcher with 16 workers.
[PhysX] Initialized MultithreadedTaskDispatcher with 16 workers.
 -> (artifact id: '5306ddc06393e3383c4701a90d3beebf') in 0.020789 seconds
Number of updated asset objects reloaded before import = 0
Number of asset objects unloaded after import = 3
========================================================================
Received Import Request.
  Time since last request: 0.012729 seconds.
  path: Assets/Scenes/Temple/1.png
  artifactKey: Guid(fbce3e245895ecd468dcf94a3020a045) Importer(815301076,1909f56bfc062723c751e8b465ee728b)
Start importing Assets/Scenes/Temple/1.png using Guid(fbce3e245895ecd468dcf94a3020a045) Importer(815301076,1909f56bfc062723c751e8b465ee728b) [PhysX] Initialized MultithreadedTaskDispatcher with 16 workers.
[PhysX] Initialized MultithreadedTaskDispatcher with 16 workers.
 -> (artifact id: '9a67b0acb4cc66cdd1abeb9aa4a34c12') in 0.012599 seconds
Number of updated asset objects reloaded before import = 0
Number of asset objects unloaded after import = 3
========================================================================
Received Import Request.
  Time since last request: 30.778522 seconds.
  path: Assets/Prefabs/PlayerUI.prefab
  artifactKey: Guid(5ea641da15d19c54f9b517eea4ad8fcf) Importer(815301076,1909f56bfc062723c751e8b465ee728b)
Start importing Assets/Prefabs/PlayerUI.prefab using Guid(5ea641da15d19c54f9b517eea4ad8fcf) Importer(815301076,1909f56bfc062723c751e8b465ee728b) [PhysX] Initialized MultithreadedTaskDispatcher with 16 workers.
 -> (artifact id: '56e4ac996794ac72b2872a678dd54054') in 0.033656 seconds
Number of updated asset objects reloaded before import = 0
Number of asset objects unloaded after import = 228
========================================================================
Received Import Request.
  Time since last request: 14.088701 seconds.
  path: Assets/Prefabs/PlayerUI.prefab
  artifactKey: Guid(5ea641da15d19c54f9b517eea4ad8fcf) Importer(815301076,1909f56bfc062723c751e8b465ee728b)
Start importing Assets/Prefabs/PlayerUI.prefab using Guid(5ea641da15d19c54f9b517eea4ad8fcf) Importer(815301076,1909f56bfc062723c751e8b465ee728b) [PhysX] Initialized MultithreadedTaskDispatcher with 16 workers.
 -> (artifact id: 'a1d8bf78f07bfd411ddfa372699f3796') in 0.028646 seconds
Number of updated asset objects reloaded before import = 0
Number of asset objects unloaded after import = 228
========================================================================
Received Import Request.
  Time since last request: 27.595494 seconds.
  path: Assets/Prefabs/PlayerUI.prefab
  artifactKey: Guid(5ea641da15d19c54f9b517eea4ad8fcf) Importer(815301076,1909f56bfc062723c751e8b465ee728b)
Start importing Assets/Prefabs/PlayerUI.prefab using Guid(5ea641da15d19c54f9b517eea4ad8fcf) Importer(815301076,1909f56bfc062723c751e8b465ee728b) [PhysX] Initialized MultithreadedTaskDispatcher with 16 workers.
 -> (artifact id: 'db98c55670f10d9faf5c3d6e0e907444') in 0.020746 seconds
Number of updated asset objects reloaded before import = 0
Number of asset objects unloaded after import = 228
========================================================================
Received Import Request.
  Time since last request: 38.212452 seconds.
  path: Assets/Prefabs/PlayerUI.prefab
  artifactKey: Guid(5ea641da15d19c54f9b517eea4ad8fcf) Importer(815301076,1909f56bfc062723c751e8b465ee728b)
Start importing Assets/Prefabs/PlayerUI.prefab using Guid(5ea641da15d19c54f9b517eea4ad8fcf) Importer(815301076,1909f56bfc062723c751e8b465ee728b) [PhysX] Initialized MultithreadedTaskDispatcher with 16 workers.
 -> (artifact id: 'fc44a5ec6de781e9110194c3ce718ee4') in 0.021812 seconds
Number of updated asset objects reloaded before import = 0
Number of asset objects unloaded after import = 246
========================================================================
Received Import Request.
  Time since last request: 7.006422 seconds.
  path: Assets/Prefabs/PlayerUI.prefab
  artifactKey: Guid(5ea641da15d19c54f9b517eea4ad8fcf) Importer(815301076,1909f56bfc062723c751e8b465ee728b)
Start importing Assets/Prefabs/PlayerUI.prefab using Guid(5ea641da15d19c54f9b517eea4ad8fcf) Importer(815301076,1909f56bfc062723c751e8b465ee728b) [PhysX] Initialized MultithreadedTaskDispatcher with 16 workers.
 -> (artifact id: 'dccc511e2dbb10d855aea1bc419323e9') in 0.019620 seconds
Number of updated asset objects reloaded before import = 0
Number of asset objects unloaded after import = 246
========================================================================
Received Import Request.
  Time since last request: 8.536119 seconds.
  path: Assets/Prefabs/PlayerUI.prefab
  artifactKey: Guid(5ea641da15d19c54f9b517eea4ad8fcf) Importer(815301076,1909f56bfc062723c751e8b465ee728b)
Start importing Assets/Prefabs/PlayerUI.prefab using Guid(5ea641da15d19c54f9b517eea4ad8fcf) Importer(815301076,1909f56bfc062723c751e8b465ee728b) [PhysX] Initialized MultithreadedTaskDispatcher with 16 workers.
 -> (artifact id: 'e07806ed8703886676e17c87123ea561') in 0.025578 seconds
Number of updated asset objects reloaded before import = 0
Number of asset objects unloaded after import = 247
========================================================================
Received Import Request.
  Time since last request: 9.437750 seconds.
  path: Assets/Prefabs/PlayerUI.prefab
  artifactKey: Guid(5ea641da15d19c54f9b517eea4ad8fcf) Importer(815301076,1909f56bfc062723c751e8b465ee728b)
Start importing Assets/Prefabs/PlayerUI.prefab using Guid(5ea641da15d19c54f9b517eea4ad8fcf) Importer(815301076,1909f56bfc062723c751e8b465ee728b) [PhysX] Initialized MultithreadedTaskDispatcher with 16 workers.
 -> (artifact id: '9ad4490978a548d9666fbeb27531ac32') in 0.017936 seconds
Number of updated asset objects reloaded before import = 0
Number of asset objects unloaded after import = 247
========================================================================
Received Import Request.
  Time since last request: 17.323202 seconds.
  path: Assets/Prefabs/PlayerUI.prefab
  artifactKey: Guid(5ea641da15d19c54f9b517eea4ad8fcf) Importer(815301076,1909f56bfc062723c751e8b465ee728b)
Start importing Assets/Prefabs/PlayerUI.prefab using Guid(5ea641da15d19c54f9b517eea4ad8fcf) Importer(815301076,1909f56bfc062723c751e8b465ee728b) [PhysX] Initialized MultithreadedTaskDispatcher with 16 workers.
 -> (artifact id: 'b2c748dd3606ef8f0bbfcebd651206f1') in 0.043901 seconds
Number of updated asset objects reloaded before import = 0
Number of asset objects unloaded after import = 265
========================================================================
Received Import Request.
  Time since last request: 3.758353 seconds.
  path: Assets/Prefabs/PlayerUI.prefab
  artifactKey: Guid(5ea641da15d19c54f9b517eea4ad8fcf) Importer(815301076,1909f56bfc062723c751e8b465ee728b)
Start importing Assets/Prefabs/PlayerUI.prefab using Guid(5ea641da15d19c54f9b517eea4ad8fcf) Importer(815301076,1909f56bfc062723c751e8b465ee728b) [PhysX] Initialized MultithreadedTaskDispatcher with 16 workers.
 -> (artifact id: '85c246897aa4d198370a68bd80845a2b') in 0.019886 seconds
Number of updated asset objects reloaded before import = 0
Number of asset objects unloaded after import = 265
========================================================================
Received Import Request.
  Time since last request: 13.720748 seconds.
  path: Assets/Prefabs/PlayerUI.prefab
  artifactKey: Guid(5ea641da15d19c54f9b517eea4ad8fcf) Importer(815301076,1909f56bfc062723c751e8b465ee728b)
Start importing Assets/Prefabs/PlayerUI.prefab using Guid(5ea641da15d19c54f9b517eea4ad8fcf) Importer(815301076,1909f56bfc062723c751e8b465ee728b) [PhysX] Initialized MultithreadedTaskDispatcher with 16 workers.
 -> (artifact id: '10623f62063b1835a7894326c02dd6b9') in 0.018695 seconds
Number of updated asset objects reloaded before import = 0
Number of asset objects unloaded after import = 266
========================================================================
Received Import Request.
  Time since last request: 12.397037 seconds.
  path: Assets/Prefabs/PlayerUI.prefab
  artifactKey: Guid(5ea641da15d19c54f9b517eea4ad8fcf) Importer(815301076,1909f56bfc062723c751e8b465ee728b)
Start importing Assets/Prefabs/PlayerUI.prefab using Guid(5ea641da15d19c54f9b517eea4ad8fcf) Importer(815301076,1909f56bfc062723c751e8b465ee728b) [PhysX] Initialized MultithreadedTaskDispatcher with 16 workers.
 -> (artifact id: '1e4fc4c5e43918bf878553777533dc34') in 0.021496 seconds
Number of updated asset objects reloaded before import = 0
Number of asset objects unloaded after import = 266
========================================================================
Received Import Request.
  Time since last request: 12.539745 seconds.
  path: Assets/Prefabs/PlayerUI.prefab
  artifactKey: Guid(5ea641da15d19c54f9b517eea4ad8fcf) Importer(815301076,1909f56bfc062723c751e8b465ee728b)
Start importing Assets/Prefabs/PlayerUI.prefab using Guid(5ea641da15d19c54f9b517eea4ad8fcf) Importer(815301076,1909f56bfc062723c751e8b465ee728b) [PhysX] Initialized MultithreadedTaskDispatcher with 16 workers.
 -> (artifact id: 'fdda026ad4967706e0069773a72f5c56') in 0.018611 seconds
Number of updated asset objects reloaded before import = 0
Number of asset objects unloaded after import = 284
========================================================================
Received Import Request.
  Time since last request: 3.818792 seconds.
  path: Assets/Prefabs/PlayerUI.prefab
  artifactKey: Guid(5ea641da15d19c54f9b517eea4ad8fcf) Importer(815301076,1909f56bfc062723c751e8b465ee728b)
Start importing Assets/Prefabs/PlayerUI.prefab using Guid(5ea641da15d19c54f9b517eea4ad8fcf) Importer(815301076,1909f56bfc062723c751e8b465ee728b) [PhysX] Initialized MultithreadedTaskDispatcher with 16 workers.
 -> (artifact id: 'b053c3a86ffe1bef74f9d0915d27fbc2') in 0.020653 seconds
Number of updated asset objects reloaded before import = 0
Number of asset objects unloaded after import = 284
========================================================================
Received Import Request.
  Time since last request: 11.781488 seconds.
  path: Assets/Prefabs/PlayerUI.prefab
  artifactKey: Guid(5ea641da15d19c54f9b517eea4ad8fcf) Importer(815301076,1909f56bfc062723c751e8b465ee728b)
Start importing Assets/Prefabs/PlayerUI.prefab using Guid(5ea641da15d19c54f9b517eea4ad8fcf) Importer(815301076,1909f56bfc062723c751e8b465ee728b) [PhysX] Initialized MultithreadedTaskDispatcher with 16 workers.
 -> (artifact id: '2641a84e2756097e0217e39710a4ae7b') in 0.032062 seconds
Number of updated asset objects reloaded before import = 0
Number of asset objects unloaded after import = 285
========================================================================
Received Import Request.
  Time since last request: 28.849375 seconds.
  path: Assets/Prefabs/PlayerUI.prefab
  artifactKey: Guid(5ea641da15d19c54f9b517eea4ad8fcf) Importer(815301076,1909f56bfc062723c751e8b465ee728b)
Start importing Assets/Prefabs/PlayerUI.prefab using Guid(5ea641da15d19c54f9b517eea4ad8fcf) Importer(815301076,1909f56bfc062723c751e8b465ee728b) [PhysX] Initialized MultithreadedTaskDispatcher with 16 workers.
 -> (artifact id: '97624048cf59098d2b572905a2932569') in 0.026530 seconds
Number of updated asset objects reloaded before import = 0
Number of asset objects unloaded after import = 285
========================================================================
Received Import Request.
  Time since last request: 6.615756 seconds.
  path: Assets/Prefabs/PlayerUI.prefab
  artifactKey: Guid(5ea641da15d19c54f9b517eea4ad8fcf) Importer(815301076,1909f56bfc062723c751e8b465ee728b)
Start importing Assets/Prefabs/PlayerUI.prefab using Guid(5ea641da15d19c54f9b517eea4ad8fcf) Importer(815301076,1909f56bfc062723c751e8b465ee728b) [PhysX] Initialized MultithreadedTaskDispatcher with 16 workers.
 -> (artifact id: '976f1c612714b76ca20dc64b5095118f') in 0.019103 seconds
Number of updated asset objects reloaded before import = 0
Number of asset objects unloaded after import = 285
========================================================================
Received Import Request.
  Time since last request: 19.669888 seconds.
  path: Assets/Prefabs/PlayerUI.prefab
  artifactKey: Guid(5ea641da15d19c54f9b517eea4ad8fcf) Importer(815301076,1909f56bfc062723c751e8b465ee728b)
Start importing Assets/Prefabs/PlayerUI.prefab using Guid(5ea641da15d19c54f9b517eea4ad8fcf) Importer(815301076,1909f56bfc062723c751e8b465ee728b) [PhysX] Initialized MultithreadedTaskDispatcher with 16 workers.
 -> (artifact id: '27200c1eb3a97a07298e0e0b2c81178a') in 0.018144 seconds
Number of updated asset objects reloaded before import = 0
Number of asset objects unloaded after import = 287
========================================================================
Received Import Request.
  Time since last request: 6.438170 seconds.
  path: Assets/Prefabs/PlayerUI.prefab
  artifactKey: Guid(5ea641da15d19c54f9b517eea4ad8fcf) Importer(815301076,1909f56bfc062723c751e8b465ee728b)
Start importing Assets/Prefabs/PlayerUI.prefab using Guid(5ea641da15d19c54f9b517eea4ad8fcf) Importer(815301076,1909f56bfc062723c751e8b465ee728b) [PhysX] Initialized MultithreadedTaskDispatcher with 16 workers.
 -> (artifact id: '956c89068b4948885eef56788e3c6f38') in 0.022795 seconds
Number of updated asset objects reloaded before import = 0
Number of asset objects unloaded after import = 287
========================================================================
Received Import Request.
  Time since last request: 9.018141 seconds.
  path: Assets/Prefabs/PlayerUI.prefab
  artifactKey: Guid(5ea641da15d19c54f9b517eea4ad8fcf) Importer(815301076,1909f56bfc062723c751e8b465ee728b)
Start importing Assets/Prefabs/PlayerUI.prefab using Guid(5ea641da15d19c54f9b517eea4ad8fcf) Importer(815301076,1909f56bfc062723c751e8b465ee728b) [PhysX] Initialized MultithreadedTaskDispatcher with 16 workers.
 -> (artifact id: '9632d60256a81186f5e7676fe6ac0ba9') in 0.019449 seconds
Number of updated asset objects reloaded before import = 0
Number of asset objects unloaded after import = 287
========================================================================
Received Import Request.
  Time since last request: 24.368788 seconds.
  path: Assets/Prefabs/PlayerUI.prefab
  artifactKey: Guid(5ea641da15d19c54f9b517eea4ad8fcf) Importer(815301076,1909f56bfc062723c751e8b465ee728b)
Start importing Assets/Prefabs/PlayerUI.prefab using Guid(5ea641da15d19c54f9b517eea4ad8fcf) Importer(815301076,1909f56bfc062723c751e8b465ee728b) [PhysX] Initialized MultithreadedTaskDispatcher with 16 workers.
 -> (artifact id: 'cf031fa6d804c07a57c65ea2227591a7') in 0.034425 seconds
Number of updated asset objects reloaded before import = 0
Number of asset objects unloaded after import = 287
========================================================================
Received Import Request.
  Time since last request: 6.812614 seconds.
  path: Assets/Prefabs/PlayerUI.prefab
  artifactKey: Guid(5ea641da15d19c54f9b517eea4ad8fcf) Importer(815301076,1909f56bfc062723c751e8b465ee728b)
Start importing Assets/Prefabs/PlayerUI.prefab using Guid(5ea641da15d19c54f9b517eea4ad8fcf) Importer(815301076,1909f56bfc062723c751e8b465ee728b) [PhysX] Initialized MultithreadedTaskDispatcher with 16 workers.
 -> (artifact id: 'ac69919dec2423e7b3ef2f9410e447ec') in 0.033885 seconds
Number of updated asset objects reloaded before import = 0
Number of asset objects unloaded after import = 287
========================================================================
Received Import Request.
  Time since last request: 2.561199 seconds.
  path: Assets/Prefabs/PlayerUI.prefab
  artifactKey: Guid(5ea641da15d19c54f9b517eea4ad8fcf) Importer(815301076,1909f56bfc062723c751e8b465ee728b)
Start importing Assets/Prefabs/PlayerUI.prefab using Guid(5ea641da15d19c54f9b517eea4ad8fcf) Importer(815301076,1909f56bfc062723c751e8b465ee728b) [PhysX] Initialized MultithreadedTaskDispatcher with 16 workers.
 -> (artifact id: '49186da20c8d1934aac052bfab55c1a1') in 0.020024 seconds
Number of updated asset objects reloaded before import = 0
Number of asset objects unloaded after import = 287
========================================================================
Received Import Request.
  Time since last request: 2.215605 seconds.
  path: Assets/Prefabs/PlayerUI.prefab
  artifactKey: Guid(5ea641da15d19c54f9b517eea4ad8fcf) Importer(815301076,1909f56bfc062723c751e8b465ee728b)
Start importing Assets/Prefabs/PlayerUI.prefab using Guid(5ea641da15d19c54f9b517eea4ad8fcf) Importer(815301076,1909f56bfc062723c751e8b465ee728b) [PhysX] Initialized MultithreadedTaskDispatcher with 16 workers.
 -> (artifact id: '14873f1c6cb3ee30b3741bea4b014af5') in 0.019845 seconds
Number of updated asset objects reloaded before import = 0
Number of asset objects unloaded after import = 287
========================================================================
Received Import Request.
  Time since last request: 3.098406 seconds.
  path: Assets/Prefabs/PlayerUI.prefab
  artifactKey: Guid(5ea641da15d19c54f9b517eea4ad8fcf) Importer(815301076,1909f56bfc062723c751e8b465ee728b)
Start importing Assets/Prefabs/PlayerUI.prefab using Guid(5ea641da15d19c54f9b517eea4ad8fcf) Importer(815301076,1909f56bfc062723c751e8b465ee728b) [PhysX] Initialized MultithreadedTaskDispatcher with 16 workers.
 -> (artifact id: '5f8bbfa5f2b866e8c76af73542036843') in 0.019188 seconds
Number of updated asset objects reloaded before import = 0
Number of asset objects unloaded after import = 287
========================================================================
Received Import Request.
  Time since last request: 8.130612 seconds.
  path: Assets/Prefabs/PlayerUI.prefab
  artifactKey: Guid(5ea641da15d19c54f9b517eea4ad8fcf) Importer(815301076,1909f56bfc062723c751e8b465ee728b)
Start importing Assets/Prefabs/PlayerUI.prefab using Guid(5ea641da15d19c54f9b517eea4ad8fcf) Importer(815301076,1909f56bfc062723c751e8b465ee728b) [PhysX] Initialized MultithreadedTaskDispatcher with 16 workers.
 -> (artifact id: '66eb5d7966ba93411c5e511ddbdee92f') in 0.017235 seconds
Number of updated asset objects reloaded before import = 0
Number of asset objects unloaded after import = 287
========================================================================
Received Import Request.
  Time since last request: 2.788465 seconds.
  path: Assets/Prefabs/PlayerUI.prefab
  artifactKey: Guid(5ea641da15d19c54f9b517eea4ad8fcf) Importer(815301076,1909f56bfc062723c751e8b465ee728b)
Start importing Assets/Prefabs/PlayerUI.prefab using Guid(5ea641da15d19c54f9b517eea4ad8fcf) Importer(815301076,1909f56bfc062723c751e8b465ee728b) [PhysX] Initialized MultithreadedTaskDispatcher with 16 workers.
 -> (artifact id: 'f3355d18bfb74b008410b3ec52fb28c6') in 0.019037 seconds
Number of updated asset objects reloaded before import = 0
Number of asset objects unloaded after import = 287
========================================================================
Received Import Request.
  Time since last request: 15.668442 seconds.
  path: Assets/Prefabs/PlayerUI.prefab
  artifactKey: Guid(5ea641da15d19c54f9b517eea4ad8fcf) Importer(815301076,1909f56bfc062723c751e8b465ee728b)
Start importing Assets/Prefabs/PlayerUI.prefab using Guid(5ea641da15d19c54f9b517eea4ad8fcf) Importer(815301076,1909f56bfc062723c751e8b465ee728b) [PhysX] Initialized MultithreadedTaskDispatcher with 16 workers.
 -> (artifact id: '40a5867a8c6ac0dee994e6de6678446e') in 0.019094 seconds
Number of updated asset objects reloaded before import = 0
Number of asset objects unloaded after import = 296
========================================================================
Received Import Request.
  Time since last request: 6.304459 seconds.
  path: Assets/Prefabs/PlayerUI.prefab
  artifactKey: Guid(5ea641da15d19c54f9b517eea4ad8fcf) Importer(815301076,1909f56bfc062723c751e8b465ee728b)
Start importing Assets/Prefabs/PlayerUI.prefab using Guid(5ea641da15d19c54f9b517eea4ad8fcf) Importer(815301076,1909f56bfc062723c751e8b465ee728b) [PhysX] Initialized MultithreadedTaskDispatcher with 16 workers.
 -> (artifact id: '48698fb28aa5df069afd48dc82b94733') in 0.020536 seconds
Number of updated asset objects reloaded before import = 0
Number of asset objects unloaded after import = 296
========================================================================
Received Import Request.
  Time since last request: 3.596023 seconds.
  path: Assets/Prefabs/PlayerUI.prefab
  artifactKey: Guid(5ea641da15d19c54f9b517eea4ad8fcf) Importer(815301076,1909f56bfc062723c751e8b465ee728b)
Start importing Assets/Prefabs/PlayerUI.prefab using Guid(5ea641da15d19c54f9b517eea4ad8fcf) Importer(815301076,1909f56bfc062723c751e8b465ee728b) [PhysX] Initialized MultithreadedTaskDispatcher with 16 workers.
 -> (artifact id: 'b8fb4822b4059966693d2fa28bbb3bfe') in 0.019366 seconds
Number of updated asset objects reloaded before import = 0
Number of asset objects unloaded after import = 305
========================================================================
Received Import Request.
  Time since last request: 3.798904 seconds.
  path: Assets/Prefabs/PlayerUI.prefab
  artifactKey: Guid(5ea641da15d19c54f9b517eea4ad8fcf) Importer(815301076,1909f56bfc062723c751e8b465ee728b)
Start importing Assets/Prefabs/PlayerUI.prefab using Guid(5ea641da15d19c54f9b517eea4ad8fcf) Importer(815301076,1909f56bfc062723c751e8b465ee728b) [PhysX] Initialized MultithreadedTaskDispatcher with 16 workers.
 -> (artifact id: 'e5649045888df93b8942ab8ec1f796c9') in 0.018743 seconds
Number of updated asset objects reloaded before import = 0
Number of asset objects unloaded after import = 305
========================================================================
Received Import Request.
  Time since last request: 9.550317 seconds.
  path: Assets/Prefabs/PlayerUI.prefab
  artifactKey: Guid(5ea641da15d19c54f9b517eea4ad8fcf) Importer(815301076,1909f56bfc062723c751e8b465ee728b)
Start importing Assets/Prefabs/PlayerUI.prefab using Guid(5ea641da15d19c54f9b517eea4ad8fcf) Importer(815301076,1909f56bfc062723c751e8b465ee728b) [PhysX] Initialized MultithreadedTaskDispatcher with 16 workers.
 -> (artifact id: '189401d70728b76606e956a7006c04bf') in 0.022543 seconds
Number of updated asset objects reloaded before import = 0
Number of asset objects unloaded after import = 305
========================================================================
Received Import Request.
  Time since last request: 7.024154 seconds.
  path: Assets/Prefabs/PlayerUI.prefab
  artifactKey: Guid(5ea641da15d19c54f9b517eea4ad8fcf) Importer(815301076,1909f56bfc062723c751e8b465ee728b)
Start importing Assets/Prefabs/PlayerUI.prefab using Guid(5ea641da15d19c54f9b517eea4ad8fcf) Importer(815301076,1909f56bfc062723c751e8b465ee728b) [PhysX] Initialized MultithreadedTaskDispatcher with 16 workers.
 -> (artifact id: 'b8c491678e38676770d4c3b9498406a9') in 0.025094 seconds
Number of updated asset objects reloaded before import = 0
Number of asset objects unloaded after import = 305
========================================================================
Received Import Request.
  Time since last request: 30.586062 seconds.
  path: Assets/Prefabs/PlayerUI.prefab
  artifactKey: Guid(5ea641da15d19c54f9b517eea4ad8fcf) Importer(815301076,1909f56bfc062723c751e8b465ee728b)
Start importing Assets/Prefabs/PlayerUI.prefab using Guid(5ea641da15d19c54f9b517eea4ad8fcf) Importer(815301076,1909f56bfc062723c751e8b465ee728b) [PhysX] Initialized MultithreadedTaskDispatcher with 16 workers.
 -> (artifact id: '39488c13ff3a3ba7e9c3f54858acec99') in 0.025565 seconds
Number of updated asset objects reloaded before import = 0
Number of asset objects unloaded after import = 305
========================================================================
Received Import Request.
  Time since last request: 34.192693 seconds.
  path: Assets/Prefabs/PlayerUI.prefab
  artifactKey: Guid(5ea641da15d19c54f9b517eea4ad8fcf) Importer(815301076,1909f56bfc062723c751e8b465ee728b)
Start importing Assets/Prefabs/PlayerUI.prefab using Guid(5ea641da15d19c54f9b517eea4ad8fcf) Importer(815301076,1909f56bfc062723c751e8b465ee728b) [PhysX] Initialized MultithreadedTaskDispatcher with 16 workers.
 -> (artifact id: '2be4158b609ed19f8d44a18a0e5d91f2') in 0.022329 seconds
Number of updated asset objects reloaded before import = 0
Number of asset objects unloaded after import = 305
========================================================================
Received Import Request.
  Time since last request: 21.286888 seconds.
  path: Assets/Prefabs/PlayerUI.prefab
  artifactKey: Guid(5ea641da15d19c54f9b517eea4ad8fcf) Importer(815301076,1909f56bfc062723c751e8b465ee728b)
Start importing Assets/Prefabs/PlayerUI.prefab using Guid(5ea641da15d19c54f9b517eea4ad8fcf) Importer(815301076,1909f56bfc062723c751e8b465ee728b) [PhysX] Initialized MultithreadedTaskDispatcher with 16 workers.
 -> (artifact id: '2bb6693018fb78bf5bed1c84635ee4c9') in 0.020964 seconds
Number of updated asset objects reloaded before import = 0
Number of asset objects unloaded after import = 305
========================================================================
Received Import Request.
  Time since last request: 4.276959 seconds.
  path: Assets/Prefabs/PlayerUI.prefab
  artifactKey: Guid(5ea641da15d19c54f9b517eea4ad8fcf) Importer(815301076,1909f56bfc062723c751e8b465ee728b)
Start importing Assets/Prefabs/PlayerUI.prefab using Guid(5ea641da15d19c54f9b517eea4ad8fcf) Importer(815301076,1909f56bfc062723c751e8b465ee728b) [PhysX] Initialized MultithreadedTaskDispatcher with 16 workers.
 -> (artifact id: '18ddb041c589ba6296bd19c0b5474a7f') in 0.020314 seconds
Number of updated asset objects reloaded before import = 0
Number of asset objects unloaded after import = 314
========================================================================
Received Import Request.
  Time since last request: 11.256072 seconds.
  path: Assets/Prefabs/PlayerUI.prefab
  artifactKey: Guid(5ea641da15d19c54f9b517eea4ad8fcf) Importer(815301076,1909f56bfc062723c751e8b465ee728b)
Start importing Assets/Prefabs/PlayerUI.prefab using Guid(5ea641da15d19c54f9b517eea4ad8fcf) Importer(815301076,1909f56bfc062723c751e8b465ee728b) [PhysX] Initialized MultithreadedTaskDispatcher with 16 workers.
 -> (artifact id: 'ad390643859f6d1ec392f653c2a10ef3') in 0.031677 seconds
Number of updated asset objects reloaded before import = 0
Number of asset objects unloaded after import = 314
========================================================================
Received Import Request.
  Time since last request: 5.291476 seconds.
  path: Assets/Prefabs/PlayerUI.prefab
  artifactKey: Guid(5ea641da15d19c54f9b517eea4ad8fcf) Importer(815301076,1909f56bfc062723c751e8b465ee728b)
Start importing Assets/Prefabs/PlayerUI.prefab using Guid(5ea641da15d19c54f9b517eea4ad8fcf) Importer(815301076,1909f56bfc062723c751e8b465ee728b) [PhysX] Initialized MultithreadedTaskDispatcher with 16 workers.
 -> (artifact id: '390a0cbfe4ef5d6a26de0d228b014cf9') in 0.019845 seconds
Number of updated asset objects reloaded before import = 0
Number of asset objects unloaded after import = 314
========================================================================
Received Import Request.
  Time since last request: 119.094107 seconds.
  path: Packages/com.unity.2d.tilemap/Editor/Icons/d_EditorUI.Target@2x.png
  artifactKey: Guid(efae8c209fe26f541b3d560f2034287d) Importer(815301076,1909f56bfc062723c751e8b465ee728b)
Start importing Packages/com.unity.2d.tilemap/Editor/Icons/d_EditorUI.Target@2x.png using Guid(efae8c209fe26f541b3d560f2034287d) Importer(815301076,1909f56bfc062723c751e8b465ee728b) [PhysX] Initialized MultithreadedTaskDispatcher with 16 workers.
[PhysX] Initialized MultithreadedTaskDispatcher with 16 workers.
 -> (artifact id: 'f57f2e60259a79d43985aed57a8daa9a') in 0.052142 seconds
Number of updated asset objects reloaded before import = 0
Number of asset objects unloaded after import = 3
========================================================================
Received Import Request.
  Time since last request: 0.000066 seconds.
  path: Packages/com.unity.2d.tilemap/Editor/Icons/d_EditorUI.TargetHover.png
  artifactKey: Guid(c130b41d1f572a14793b146add3d6e3f) Importer(815301076,1909f56bfc062723c751e8b465ee728b)
Start importing Packages/com.unity.2d.tilemap/Editor/Icons/d_EditorUI.TargetHover.png using Guid(c130b41d1f572a14793b146add3d6e3f) Importer(815301076,1909f56bfc062723c751e8b465ee728b) [PhysX] Initialized MultithreadedTaskDispatcher with 16 workers.
[PhysX] Initialized MultithreadedTaskDispatcher with 16 workers.
 -> (artifact id: '831eab2c0e78255f0dc9f84e8095215e') in 0.048394 seconds
Number of updated asset objects reloaded before import = 0
Number of asset objects unloaded after import = 3
========================================================================
Received Import Request.
  Time since last request: 0.685810 seconds.
  path: Assets/Scenes/Temple/UiMaster Variant.prefab
  artifactKey: Guid(f23b90e17b83ea34dba485b384d2a92b) Importer(815301076,1909f56bfc062723c751e8b465ee728b)
Start importing Assets/Scenes/Temple/UiMaster Variant.prefab using Guid(f23b90e17b83ea34dba485b384d2a92b) Importer(815301076,1909f56bfc062723c751e8b465ee728b) [PhysX] Initialized MultithreadedTaskDispatcher with 16 workers.
[PhysX] Initialized MultithreadedTaskDispatcher with 16 workers.
 -> (artifact id: '554aaa2c340404ed0cb43ef979a5896e') in 0.037753 seconds
Number of updated asset objects reloaded before import = 0
Number of asset objects unloaded after import = 46
========================================================================
Received Import Request.
  Time since last request: 4.291531 seconds.
  path: Assets/Prefabs/PlayerUI.prefab
  artifactKey: Guid(5ea641da15d19c54f9b517eea4ad8fcf) Importer(815301076,1909f56bfc062723c751e8b465ee728b)
Start importing Assets/Prefabs/PlayerUI.prefab using Guid(5ea641da15d19c54f9b517eea4ad8fcf) Importer(815301076,1909f56bfc062723c751e8b465ee728b) [PhysX] Initialized MultithreadedTaskDispatcher with 16 workers.
 -> (artifact id: '6a2c73603f8046828b16868468443d7a') in 0.029710 seconds
Number of updated asset objects reloaded before import = 0
Number of asset objects unloaded after import = 314
========================================================================
Received Import Request.
  Time since last request: 11.745144 seconds.
  path: Assets/Prefabs/PlayerUI.prefab
  artifactKey: Guid(5ea641da15d19c54f9b517eea4ad8fcf) Importer(815301076,1909f56bfc062723c751e8b465ee728b)
Start importing Assets/Prefabs/PlayerUI.prefab using Guid(5ea641da15d19c54f9b517eea4ad8fcf) Importer(815301076,1909f56bfc062723c751e8b465ee728b) [PhysX] Initialized MultithreadedTaskDispatcher with 16 workers.
 -> (artifact id: '4d7d50d99f18863dbad4e4f0fe27bacc') in 0.033828 seconds
Number of updated asset objects reloaded before import = 0
Number of asset objects unloaded after import = 341
========================================================================
Received Import Request.
  Time since last request: 1.197822 seconds.
  path: Assets/Prefabs/PlayerUI.prefab
  artifactKey: Guid(5ea641da15d19c54f9b517eea4ad8fcf) Importer(815301076,1909f56bfc062723c751e8b465ee728b)
Start importing Assets/Prefabs/PlayerUI.prefab using Guid(5ea641da15d19c54f9b517eea4ad8fcf) Importer(815301076,1909f56bfc062723c751e8b465ee728b) [PhysX] Initialized MultithreadedTaskDispatcher with 16 workers.
 -> (artifact id: '2cc9f184ffdc6d337e719ec5d3d3b1a0') in 0.019254 seconds
Number of updated asset objects reloaded before import = 0
Number of asset objects unloaded after import = 314
========================================================================
Received Import Request.
  Time since last request: 8.261500 seconds.
  path: Assets/Prefabs/PlayerUI.prefab
  artifactKey: Guid(5ea641da15d19c54f9b517eea4ad8fcf) Importer(815301076,1909f56bfc062723c751e8b465ee728b)
Start importing Assets/Prefabs/PlayerUI.prefab using Guid(5ea641da15d19c54f9b517eea4ad8fcf) Importer(815301076,1909f56bfc062723c751e8b465ee728b) [PhysX] Initialized MultithreadedTaskDispatcher with 16 workers.
 -> (artifact id: '3d3b5945dbcace80b8a7f8cc80b3df99') in 0.025611 seconds
Number of updated asset objects reloaded before import = 0
Number of asset objects unloaded after import = 314
========================================================================
Received Import Request.
  Time since last request: 16.965204 seconds.
  path: Assets/Prefabs/PlayerUI.prefab
  artifactKey: Guid(5ea641da15d19c54f9b517eea4ad8fcf) Importer(815301076,1909f56bfc062723c751e8b465ee728b)
Start importing Assets/Prefabs/PlayerUI.prefab using Guid(5ea641da15d19c54f9b517eea4ad8fcf) Importer(815301076,1909f56bfc062723c751e8b465ee728b) [PhysX] Initialized MultithreadedTaskDispatcher with 16 workers.
 -> (artifact id: '23073795ac48a13ef0698454d5f00d61') in 0.034112 seconds
Number of updated asset objects reloaded before import = 0
Number of asset objects unloaded after import = 314
========================================================================
Received Import Request.
  Time since last request: 9.329705 seconds.
  path: Assets/Prefabs/PlayerUI.prefab
  artifactKey: Guid(5ea641da15d19c54f9b517eea4ad8fcf) Importer(815301076,1909f56bfc062723c751e8b465ee728b)
Start importing Assets/Prefabs/PlayerUI.prefab using Guid(5ea641da15d19c54f9b517eea4ad8fcf) Importer(815301076,1909f56bfc062723c751e8b465ee728b) [PhysX] Initialized MultithreadedTaskDispatcher with 16 workers.
 -> (artifact id: '7de50f1dc9d173f537ee4ec5d13d5c2d') in 0.022036 seconds
Number of updated asset objects reloaded before import = 0
Number of asset objects unloaded after import = 314
========================================================================
Received Import Request.
  Time since last request: 8.033188 seconds.
  path: Assets/Prefabs/PlayerUI.prefab
  artifactKey: Guid(5ea641da15d19c54f9b517eea4ad8fcf) Importer(815301076,1909f56bfc062723c751e8b465ee728b)
Start importing Assets/Prefabs/PlayerUI.prefab using Guid(5ea641da15d19c54f9b517eea4ad8fcf) Importer(815301076,1909f56bfc062723c751e8b465ee728b) [PhysX] Initialized MultithreadedTaskDispatcher with 16 workers.
 -> (artifact id: '7c2bf460cb129b2efb517034fd1efe37') in 0.021534 seconds
Number of updated asset objects reloaded before import = 0
Number of asset objects unloaded after import = 314
========================================================================
Received Import Request.
  Time since last request: 16.200029 seconds.
  path: Assets/Prefabs/PlayerUI.prefab
  artifactKey: Guid(5ea641da15d19c54f9b517eea4ad8fcf) Importer(815301076,1909f56bfc062723c751e8b465ee728b)
Start importing Assets/Prefabs/PlayerUI.prefab using Guid(5ea641da15d19c54f9b517eea4ad8fcf) Importer(815301076,1909f56bfc062723c751e8b465ee728b) [PhysX] Initialized MultithreadedTaskDispatcher with 16 workers.
 -> (artifact id: 'aa278f4ec32e51fe1b77ff84fb5dc6bb') in 0.048275 seconds
Number of updated asset objects reloaded before import = 0
Number of asset objects unloaded after import = 341
========================================================================
Received Import Request.
  Time since last request: 1.364158 seconds.
  path: Assets/Prefabs/PlayerUI.prefab
  artifactKey: Guid(5ea641da15d19c54f9b517eea4ad8fcf) Importer(815301076,1909f56bfc062723c751e8b465ee728b)
Start importing Assets/Prefabs/PlayerUI.prefab using Guid(5ea641da15d19c54f9b517eea4ad8fcf) Importer(815301076,1909f56bfc062723c751e8b465ee728b) [PhysX] Initialized MultithreadedTaskDispatcher with 16 workers.
 -> (artifact id: 'c15522b804bdc433c19952e64d1fb8e2') in 0.020425 seconds
Number of updated asset objects reloaded before import = 0
Number of asset objects unloaded after import = 314
========================================================================
Received Import Request.
  Time since last request: 5.129117 seconds.
  path: Assets/Prefabs/PlayerUI.prefab
  artifactKey: Guid(5ea641da15d19c54f9b517eea4ad8fcf) Importer(815301076,1909f56bfc062723c751e8b465ee728b)
Start importing Assets/Prefabs/PlayerUI.prefab using Guid(5ea641da15d19c54f9b517eea4ad8fcf) Importer(815301076,1909f56bfc062723c751e8b465ee728b) [PhysX] Initialized MultithreadedTaskDispatcher with 16 workers.
 -> (artifact id: '45cdf774f3364d67d6335b0946c75db4') in 0.043973 seconds
Number of updated asset objects reloaded before import = 0
Number of asset objects unloaded after import = 314
========================================================================
Received Import Request.
  Time since last request: 26.967707 seconds.
  path: Assets/Prefabs/PlayerUI.prefab
  artifactKey: Guid(5ea641da15d19c54f9b517eea4ad8fcf) Importer(815301076,1909f56bfc062723c751e8b465ee728b)
Start importing Assets/Prefabs/PlayerUI.prefab using Guid(5ea641da15d19c54f9b517eea4ad8fcf) Importer(815301076,1909f56bfc062723c751e8b465ee728b) [PhysX] Initialized MultithreadedTaskDispatcher with 16 workers.
 -> (artifact id: '243fd92c9800ce1fd80ccd0e79128543') in 0.027313 seconds
Number of updated asset objects reloaded before import = 0
Number of asset objects unloaded after import = 314
========================================================================
Received Import Request.
  Time since last request: 8.641391 seconds.
  path: Assets/Prefabs/PlayerUI.prefab
  artifactKey: Guid(5ea641da15d19c54f9b517eea4ad8fcf) Importer(815301076,1909f56bfc062723c751e8b465ee728b)
Start importing Assets/Prefabs/PlayerUI.prefab using Guid(5ea641da15d19c54f9b517eea4ad8fcf) Importer(815301076,1909f56bfc062723c751e8b465ee728b) [PhysX] Initialized MultithreadedTaskDispatcher with 16 workers.
 -> (artifact id: '7dc51414822fdda1f2197dd57ee8f7ff') in 0.018829 seconds
Number of updated asset objects reloaded before import = 0
Number of asset objects unloaded after import = 314
========================================================================
Received Import Request.
  Time since last request: 0.991119 seconds.
  path: Assets/Prefabs/PlayerUI.prefab
  artifactKey: Guid(5ea641da15d19c54f9b517eea4ad8fcf) Importer(815301076,1909f56bfc062723c751e8b465ee728b)
Start importing Assets/Prefabs/PlayerUI.prefab using Guid(5ea641da15d19c54f9b517eea4ad8fcf) Importer(815301076,1909f56bfc062723c751e8b465ee728b) [PhysX] Initialized MultithreadedTaskDispatcher with 16 workers.
 -> (artifact id: '7ce527c2f1cfb92ed7c769e7c134cbd2') in 0.022514 seconds
Number of updated asset objects reloaded before import = 0
Number of asset objects unloaded after import = 341
========================================================================
Received Import Request.
  Time since last request: 5.966772 seconds.
  path: Assets/Prefabs/PlayerUI.prefab
  artifactKey: Guid(5ea641da15d19c54f9b517eea4ad8fcf) Importer(815301076,1909f56bfc062723c751e8b465ee728b)
Start importing Assets/Prefabs/PlayerUI.prefab using Guid(5ea641da15d19c54f9b517eea4ad8fcf) Importer(815301076,1909f56bfc062723c751e8b465ee728b) [PhysX] Initialized MultithreadedTaskDispatcher with 16 workers.
 -> (artifact id: '04c7e5dae79ce6df3926369346dfa4dc') in 0.031890 seconds
Number of updated asset objects reloaded before import = 0
Number of asset objects unloaded after import = 314
========================================================================
Received Import Request.
  Time since last request: 8.494791 seconds.
  path: Assets/Prefabs/PlayerUI.prefab
  artifactKey: Guid(5ea641da15d19c54f9b517eea4ad8fcf) Importer(815301076,1909f56bfc062723c751e8b465ee728b)
Start importing Assets/Prefabs/PlayerUI.prefab using Guid(5ea641da15d19c54f9b517eea4ad8fcf) Importer(815301076,1909f56bfc062723c751e8b465ee728b) [PhysX] Initialized MultithreadedTaskDispatcher with 16 workers.
 -> (artifact id: '1a52ee545664380b51b8bc09aa78b427') in 0.023360 seconds
Number of updated asset objects reloaded before import = 0
Number of asset objects unloaded after import = 314
========================================================================
Received Import Request.
  Time since last request: 25.344829 seconds.
  path: Assets/Prefabs/PlayerUI.prefab
  artifactKey: Guid(5ea641da15d19c54f9b517eea4ad8fcf) Importer(815301076,1909f56bfc062723c751e8b465ee728b)
Start importing Assets/Prefabs/PlayerUI.prefab using Guid(5ea641da15d19c54f9b517eea4ad8fcf) Importer(815301076,1909f56bfc062723c751e8b465ee728b) [PhysX] Initialized MultithreadedTaskDispatcher with 16 workers.
 -> (artifact id: '6278f1e5df7214e954446b689136560e') in 0.020088 seconds
Number of updated asset objects reloaded before import = 0
Number of asset objects unloaded after import = 314
========================================================================
Received Import Request.
  Time since last request: 16.210156 seconds.
  path: Assets/Prefabs/PlayerUI.prefab
  artifactKey: Guid(5ea641da15d19c54f9b517eea4ad8fcf) Importer(815301076,1909f56bfc062723c751e8b465ee728b)
Start importing Assets/Prefabs/PlayerUI.prefab using Guid(5ea641da15d19c54f9b517eea4ad8fcf) Importer(815301076,1909f56bfc062723c751e8b465ee728b) [PhysX] Initialized MultithreadedTaskDispatcher with 16 workers.
 -> (artifact id: 'e7922b5123a48cd32eb6889eb61c86fd') in 0.024064 seconds
Number of updated asset objects reloaded before import = 0
Number of asset objects unloaded after import = 314
========================================================================
Received Import Request.
  Time since last request: 32.367956 seconds.
  path: Assets/Scenes/Temple/3.prefab
  artifactKey: Guid(680303b9350437343b7dd069dda15fb3) Importer(815301076,1909f56bfc062723c751e8b465ee728b)
Start importing Assets/Scenes/Temple/3.prefab using Guid(680303b9350437343b7dd069dda15fb3) Importer(815301076,1909f56bfc062723c751e8b465ee728b) [PhysX] Initialized MultithreadedTaskDispatcher with 16 workers.
[PhysX] Initialized MultithreadedTaskDispatcher with 16 workers.
 -> (artifact id: 'b6fe9956b8a615ab766cb7c382b24e11') in 0.022663 seconds
Number of updated asset objects reloaded before import = 0
Number of asset objects unloaded after import = 7
========================================================================
Received Import Request.
  Time since last request: 3.846593 seconds.
  path: Packages/com.unity.2d.animation/Editor/Assets/SkinningModule/BoneInspectorPanelStyle.uss
  artifactKey: Guid(630253c1b6a245746ac843e5cad0aac6) Importer(815301076,1909f56bfc062723c751e8b465ee728b)
Start importing Packages/com.unity.2d.animation/Editor/Assets/SkinningModule/BoneInspectorPanelStyle.uss using Guid(630253c1b6a245746ac843e5cad0aac6) Importer(815301076,1909f56bfc062723c751e8b465ee728b) [PhysX] Initialized MultithreadedTaskDispatcher with 16 workers.
 -> (artifact id: 'a9578562aef8931f0a6c5fd34dedd272') in 0.014923 seconds
Number of updated asset objects reloaded before import = 0
Number of asset objects unloaded after import = 1
========================================================================
Received Import Request.
  Time since last request: 3.562148 seconds.
  path: Assets/Scenes/Temple/2.prefab
  artifactKey: Guid(6ec4aa566f900a341b7070a1539d2897) Importer(815301076,1909f56bfc062723c751e8b465ee728b)
Start importing Assets/Scenes/Temple/2.prefab using Guid(6ec4aa566f900a341b7070a1539d2897) Importer(815301076,1909f56bfc062723c751e8b465ee728b) [PhysX] Initialized MultithreadedTaskDispatcher with 16 workers.
[PhysX] Initialized MultithreadedTaskDispatcher with 16 workers.
 -> (artifact id: '25fcbbf4324797cd191f0a023f5bca92') in 0.018384 seconds
Number of updated asset objects reloaded before import = 0
Number of asset objects unloaded after import = 7
========================================================================
Received Import Request.
  Time since last request: 1.536775 seconds.
  path: Packages/com.unity.2d.animation/Editor/Assets/SkinningModule/BoneInspectorPanel.uxml
  artifactKey: Guid(1b45e34b5d565204db1307b88755e76d) Importer(815301076,1909f56bfc062723c751e8b465ee728b)
Start importing Packages/com.unity.2d.animation/Editor/Assets/SkinningModule/BoneInspectorPanel.uxml using Guid(1b45e34b5d565204db1307b88755e76d) Importer(815301076,1909f56bfc062723c751e8b465ee728b) [PhysX] Initialized MultithreadedTaskDispatcher with 16 workers.
 -> (artifact id: '0d62a8c3b09c1dc6b54b63cda135ce2c') in 0.006495 seconds
Number of updated asset objects reloaded before import = 0
Number of asset objects unloaded after import = 2
========================================================================
Received Import Request.
  Time since last request: 22.930125 seconds.
  path: Assets/Prefabs/PlayerUI.prefab
  artifactKey: Guid(5ea641da15d19c54f9b517eea4ad8fcf) Importer(815301076,1909f56bfc062723c751e8b465ee728b)
Start importing Assets/Prefabs/PlayerUI.prefab using Guid(5ea641da15d19c54f9b517eea4ad8fcf) Importer(815301076,1909f56bfc062723c751e8b465ee728b) [PhysX] Initialized MultithreadedTaskDispatcher with 16 workers.
 -> (artifact id: 'fabd5f385c745a8ca274b03551255052') in 0.048323 seconds
Number of updated asset objects reloaded before import = 0
Number of asset objects unloaded after import = 314
========================================================================
Received Import Request.
  Time since last request: 508.862542 seconds.
  path: Assets/scripts/tutorialPanel.cs
  artifactKey: Guid(931251a5b66fb4a4882dc92b06e32ea5) Importer(815301076,1909f56bfc062723c751e8b465ee728b)
Start importing Assets/scripts/tutorialPanel.cs using Guid(931251a5b66fb4a4882dc92b06e32ea5) Importer(815301076,1909f56bfc062723c751e8b465ee728b) [PhysX] Initialized MultithreadedTaskDispatcher with 16 workers.
 -> (artifact id: '5d6336cd9fc6a76a4a3dd46d10aa74f6') in 0.000787 seconds
Number of updated asset objects reloaded before import = 0
Number of asset objects unloaded after import = 0
========================================================================
Received Import Request.
  Time since last request: 231.228881 seconds.
  path: Assets/scripts/tutorialPanel.cs
  artifactKey: Guid(931251a5b66fb4a4882dc92b06e32ea5) Importer(815301076,1909f56bfc062723c751e8b465ee728b)
Start importing Assets/scripts/tutorialPanel.cs using Guid(931251a5b66fb4a4882dc92b06e32ea5) Importer(815301076,1909f56bfc062723c751e8b465ee728b) [PhysX] Initialized MultithreadedTaskDispatcher with 16 workers.
 -> (artifact id: 'f70f38f97e494b055cc716607b32474d') in 0.000856 seconds
Number of updated asset objects reloaded before import = 0
Number of asset objects unloaded after import = 0
========================================================================
Received Prepare
Caller must complete domain reload
Begin MonoManager ReloadAssembly
- Loaded All Assemblies, in  0.813 seconds
Native extension for WindowsStandalone target not found
Native extension for WebGL target not found
Mono: successfully reloaded assembly
- Finished resetting the current domain, in  0.462 seconds
Domain Reload Profiling: 1274ms
	BeginReloadAssembly (534ms)
		ExecutionOrderSort (0ms)
		DisableScriptedObjects (401ms)
		BackupInstance (0ms)
		ReleaseScriptingObjects (0ms)
		CreateAndSetChildDomain (34ms)
	RebuildCommonClasses (26ms)
	RebuildNativeTypeToScriptingClass (7ms)
	initialDomainReloadingComplete (25ms)
	LoadAllAssembliesAndSetupDomain (219ms)
		LoadAssemblies (266ms)
		RebuildTransferFunctionScriptingTraits (0ms)
		AnalyzeDomain (23ms)
			TypeCache.Refresh (9ms)
				TypeCache.ScanAssembly (0ms)
			ScanForSourceGeneratedMonoScriptInfo (8ms)
			ResolveRequiredComponents (5ms)
	FinalizeReload (463ms)
		ReleaseScriptCaches (0ms)
		RebuildScriptCaches (0ms)
		SetupLoadedEditorAssemblies (322ms)
			LogAssemblyErrors (0ms)
			InitializePlatformSupportModulesInManaged (6ms)
			SetLoadedEditorAssemblies (4ms)
			RefreshPlugins (0ms)
			BeforeProcessingInitializeOnLoad (58ms)
			ProcessInitializeOnLoadAttributes (225ms)
			ProcessInitializeOnLoadMethodAttributes (24ms)
			AfterProcessingInitializeOnLoad (6ms)
			EditorAssembliesLoaded (0ms)
		ExecutionOrderSort2 (0ms)
		AwakeInstancesAfterBackupRestoration (9ms)
Refreshing native plugins compatible for Editor in 7.05 ms, found 4 plugins.
Preloading 0 native plugins for Editor in 0.00 ms.
Unloading 4128 Unused Serialized files (Serialized files now loaded: 0)
Unloading 27 unused Assets / (34.6 KB). Loaded Objects now: 4683.
Memory consumption went from 161.9 MB to 161.9 MB.
Total: 3.774100 ms (FindLiveObjects: 0.257100 ms CreateObjectMapping: 0.139100 ms MarkObjects: 3.256100 ms  DeleteObjects: 0.120600 ms)

Prepare: number of updated asset objects reloaded= 0
AssetImportParameters requested are different than current active one (requested -> active):
  custom:container-demuxer-ogg: 62fdf1f143b41e24485cea50d1cbac27 -> 
  custom:video-codec-MediaFoundation-h265: 746d11721c4dcdbdad8f713fa42b33f4 -> 
  custom:video-decoder-ogg-theora: a1e56fd34408186e4bbccfd4996cb3dc -> 
  custom:framework-win-MediaFoundation: 216162199b28c13a410421893ffa2e32 -> 
  custom:CustomObjectIndexerAttribute: 9a22284fe3817be447336de3de66b15e -> 
  custom:container-demuxer-webm: 4f35f7cbe854078d1ac9338744f61a02 -> 
  custom:container-muxer-webm: aa71ff27fc2769a1b78a27578f13a17b -> 
  custom:video-decoder-webm-vp8: 9c59270c3fd7afecdb556c50c9e8de78 -> 
  custom:SearchIndexIgnoredProperties: e643bd26f0fe6173181afceb89e7c659 -> 
  custom:AudioImporter_EditorPlatform: d09bf68614088b80899f8185d706f6e7 -> 
  custom:video-encoder-webm-vp8: eb34c28f22e8b96e1ab97ce403110664 -> 
  custom:audio-decoder-ogg-vorbis: bf7c407c2cedff20999df2af8eb42d56 -> 
  custom:audio-encoder-webm-vorbis: bf7c407c2cedff20999df2af8eb42d56 -> 
========================================================================
Received Import Request.
  Time since last request: 499.754588 seconds.
  path: Assets/Scenes/Temple/1.prefab
  artifactKey: Guid(573134b992eb54347b5bfcc757beb1a7) Importer(815301076,1909f56bfc062723c751e8b465ee728b)
Start importing Assets/Scenes/Temple/1.prefab using Guid(573134b992eb54347b5bfcc757beb1a7) Importer(815301076,1909f56bfc062723c751e8b465ee728b) [PhysX] Initialized MultithreadedTaskDispatcher with 16 workers.
[PhysX] Initialized MultithreadedTaskDispatcher with 16 workers.
 -> (artifact id: '8b25192af4988cfa1b5f9add9775ae01') in 0.070434 seconds
Number of updated asset objects reloaded before import = 0
Number of asset objects unloaded after import = 7
========================================================================
Received Import Request.
  Time since last request: 44.425238 seconds.
  path: Assets/Scenes/Basic Scene.scenetemplate
  artifactKey: Guid(53000055ed4402440aa71c7019eaaaf9) Importer(815301076,1909f56bfc062723c751e8b465ee728b)
Start importing Assets/Scenes/Basic Scene.scenetemplate using Guid(53000055ed4402440aa71c7019eaaaf9) Importer(815301076,1909f56bfc062723c751e8b465ee728b) [PhysX] Initialized MultithreadedTaskDispatcher with 16 workers.
Calls to "AssetDatabase.SaveAssets" are restricted during asset importing. 
UnityEngine.StackTraceUtility:ExtractStackTrace ()
UnityEditor.SceneTemplate.SceneTemplateAsset:UpdateDependencies ()
UnityEditor.SceneTemplate.SceneTemplateAssetInspectorWindow:UpdateSceneTemplateAsset ()
UnityEditor.SceneTemplate.SceneTemplateAssetInspectorWindow:OnEnable ()
UnityEditor.Editor:CreateEditorWithContext (UnityEngine.Object[],UnityEngine.Object,System.Type)
UnityEditor.Editor:CreateEditor (UnityEngine.Object,System.Type)
UnityEditor.Editor:CreateEditor (UnityEngine.Object)
UnityEditor.AssetPreviewUpdater:CreatePreview (UnityEngine.Object,UnityEngine.Object[],string,int,int)
UnityEditor.AssetPreviewUpdater:CreatePreviewForAsset (UnityEngine.Object,UnityEngine.Object[],string)

[C:\build\output\unity\unity\Modules\AssetDatabase\Editor\Public\AssetDatabasePreventExecution.cpp line 39]

UnityException: Calls to "AssetDatabase.SaveAssets" are restricted during asset importing. 
  at (wrapper managed-to-native) UnityEditor.AssetDatabase.SaveAssets()
  at UnityEditor.SceneTemplate.SceneTemplateAsset.UpdateDependencies () [0x00109] in <8bf34f793fd9440f9c8eb0dda774d246>:0 
  at UnityEditor.SceneTemplate.SceneTemplateAssetInspectorWindow.UpdateSceneTemplateAsset () [0x00012] in <8bf34f793fd9440f9c8eb0dda774d246>:0 
  at UnityEditor.SceneTemplate.SceneTemplateAssetInspectorWindow.OnEnable () [0x00011] in <8bf34f793fd9440f9c8eb0dda774d246>:0 
UnityEditor.Editor:CreateEditorWithContextInternal(Object[], Object, Type)
UnityEditor.Editor:CreateEditorWithContext(Object[], Object, Type)
UnityEditor.Editor:CreateEditor(Object, Type)
UnityEditor.Editor:CreateEditor(Object)
UnityEditor.AssetPreviewUpdater:CreatePreview(Object, Object[], String, Int32, Int32)
UnityEditor.AssetPreviewUpdater:CreatePreviewForAsset(Object, Object[], String)

[PhysX] Initialized MultithreadedTaskDispatcher with 16 workers.
 -> (artifact id: '99081be67d9cbbbc432d31be89bca7d4') in 0.247022 seconds
Number of updated asset objects reloaded before import = 0
Number of asset objects unloaded after import = 535
========================================================================
Received Import Request.
  Time since last request: 343.650586 seconds.
  path: Assets/Prefabs/PlayerUI.prefab
  artifactKey: Guid(5ea641da15d19c54f9b517eea4ad8fcf) Importer(815301076,1909f56bfc062723c751e8b465ee728b)
Start importing Assets/Prefabs/PlayerUI.prefab using Guid(5ea641da15d19c54f9b517eea4ad8fcf) Importer(815301076,1909f56bfc062723c751e8b465ee728b) [PhysX] Initialized MultithreadedTaskDispatcher with 16 workers.
 -> (artifact id: '151db8687a7b8b9fe5cf8dc0578bfda2') in 0.055143 seconds
Number of updated asset objects reloaded before import = 0
Number of asset objects unloaded after import = 311
========================================================================
Received Import Request.
  Time since last request: 2.184555 seconds.
  path: Assets/Prefabs/PlayerUI.prefab
  artifactKey: Guid(5ea641da15d19c54f9b517eea4ad8fcf) Importer(815301076,1909f56bfc062723c751e8b465ee728b)
Start importing Assets/Prefabs/PlayerUI.prefab using Guid(5ea641da15d19c54f9b517eea4ad8fcf) Importer(815301076,1909f56bfc062723c751e8b465ee728b) [PhysX] Initialized MultithreadedTaskDispatcher with 16 workers.
 -> (artifact id: 'd5d64e7ec5b81b877bc82129cbf0be2b') in 0.021534 seconds
Number of updated asset objects reloaded before import = 0
Number of asset objects unloaded after import = 311
========================================================================
Received Import Request.
  Time since last request: 8.523930 seconds.
  path: Assets/Prefabs/PlayerUI.prefab
  artifactKey: Guid(5ea641da15d19c54f9b517eea4ad8fcf) Importer(815301076,1909f56bfc062723c751e8b465ee728b)
Start importing Assets/Prefabs/PlayerUI.prefab using Guid(5ea641da15d19c54f9b517eea4ad8fcf) Importer(815301076,1909f56bfc062723c751e8b465ee728b) [PhysX] Initialized MultithreadedTaskDispatcher with 16 workers.
 -> (artifact id: '92654532aa215bfbc0777152981ef708') in 0.025557 seconds
Number of updated asset objects reloaded before import = 0
Number of asset objects unloaded after import = 311
========================================================================
Received Import Request.
  Time since last request: 39.575185 seconds.
  path: Assets/Prefabs/PlayerUI.prefab
  artifactKey: Guid(5ea641da15d19c54f9b517eea4ad8fcf) Importer(815301076,1909f56bfc062723c751e8b465ee728b)
Start importing Assets/Prefabs/PlayerUI.prefab using Guid(5ea641da15d19c54f9b517eea4ad8fcf) Importer(815301076,1909f56bfc062723c751e8b465ee728b) [PhysX] Initialized MultithreadedTaskDispatcher with 16 workers.
 -> (artifact id: '9be4696cb95cb468ad252413be66a593') in 0.021056 seconds
Number of updated asset objects reloaded before import = 0
Number of asset objects unloaded after import = 311
========================================================================
Received Import Request.
  Time since last request: 4.065154 seconds.
  path: Assets/Prefabs/PlayerUI.prefab
  artifactKey: Guid(5ea641da15d19c54f9b517eea4ad8fcf) Importer(815301076,1909f56bfc062723c751e8b465ee728b)
Start importing Assets/Prefabs/PlayerUI.prefab using Guid(5ea641da15d19c54f9b517eea4ad8fcf) Importer(815301076,1909f56bfc062723c751e8b465ee728b) [PhysX] Initialized MultithreadedTaskDispatcher with 16 workers.
 -> (artifact id: 'dbb792fcd90f23e16cf6c1cd7a5e5551') in 0.021321 seconds
Number of updated asset objects reloaded before import = 0
Number of asset objects unloaded after import = 311
========================================================================
Received Import Request.
  Time since last request: 15.775670 seconds.
  path: Assets/Prefabs/PlayerUI.prefab
  artifactKey: Guid(5ea641da15d19c54f9b517eea4ad8fcf) Importer(815301076,1909f56bfc062723c751e8b465ee728b)
Start importing Assets/Prefabs/PlayerUI.prefab using Guid(5ea641da15d19c54f9b517eea4ad8fcf) Importer(815301076,1909f56bfc062723c751e8b465ee728b) [PhysX] Initialized MultithreadedTaskDispatcher with 16 workers.
 -> (artifact id: '04b1507b55b7ae8a19e72396b8506352') in 0.022263 seconds
Number of updated asset objects reloaded before import = 0
Number of asset objects unloaded after import = 311
========================================================================
Received Import Request.
  Time since last request: 60.496587 seconds.
  path: Assets/Prefabs/PlayerUI.prefab
  artifactKey: Guid(5ea641da15d19c54f9b517eea4ad8fcf) Importer(815301076,1909f56bfc062723c751e8b465ee728b)
Start importing Assets/Prefabs/PlayerUI.prefab using Guid(5ea641da15d19c54f9b517eea4ad8fcf) Importer(815301076,1909f56bfc062723c751e8b465ee728b) [PhysX] Initialized MultithreadedTaskDispatcher with 16 workers.
 -> (artifact id: '54d40e81e4fbead44196b4166615acc4') in 0.031865 seconds
Number of updated asset objects reloaded before import = 0
Number of asset objects unloaded after import = 311
========================================================================
Received Import Request.
  Time since last request: 66.834265 seconds.
  path: Assets/Prefabs/PlayerUI.prefab
  artifactKey: Guid(5ea641da15d19c54f9b517eea4ad8fcf) Importer(815301076,1909f56bfc062723c751e8b465ee728b)
Start importing Assets/Prefabs/PlayerUI.prefab using Guid(5ea641da15d19c54f9b517eea4ad8fcf) Importer(815301076,1909f56bfc062723c751e8b465ee728b) [PhysX] Initialized MultithreadedTaskDispatcher with 16 workers.
 -> (artifact id: '3706fc1e3c0713c4ccd7b75bdaf5b192') in 0.036745 seconds
Number of updated asset objects reloaded before import = 0
Number of asset objects unloaded after import = 311
========================================================================
Received Import Request.
  Time since last request: 5.971140 seconds.
  path: Assets/Prefabs/PlayerUI.prefab
  artifactKey: Guid(5ea641da15d19c54f9b517eea4ad8fcf) Importer(815301076,1909f56bfc062723c751e8b465ee728b)
Start importing Assets/Prefabs/PlayerUI.prefab using Guid(5ea641da15d19c54f9b517eea4ad8fcf) Importer(815301076,1909f56bfc062723c751e8b465ee728b) [PhysX] Initialized MultithreadedTaskDispatcher with 16 workers.
 -> (artifact id: '011ded3b5b0e267ee277781e099ff10d') in 0.025351 seconds
Number of updated asset objects reloaded before import = 0
Number of asset objects unloaded after import = 311
========================================================================
Received Import Request.
  Time since last request: 8.533243 seconds.
  path: Assets/Prefabs/PlayerUI.prefab
  artifactKey: Guid(5ea641da15d19c54f9b517eea4ad8fcf) Importer(815301076,1909f56bfc062723c751e8b465ee728b)
Start importing Assets/Prefabs/PlayerUI.prefab using Guid(5ea641da15d19c54f9b517eea4ad8fcf) Importer(815301076,1909f56bfc062723c751e8b465ee728b) [PhysX] Initialized MultithreadedTaskDispatcher with 16 workers.
 -> (artifact id: '4335142f64a0554f2073b177cb130cf9') in 0.024987 seconds
Number of updated asset objects reloaded before import = 0
Number of asset objects unloaded after import = 311
========================================================================
Received Import Request.
  Time since last request: 2.607526 seconds.
  path: Assets/Prefabs/PlayerUI.prefab
  artifactKey: Guid(5ea641da15d19c54f9b517eea4ad8fcf) Importer(815301076,1909f56bfc062723c751e8b465ee728b)
Start importing Assets/Prefabs/PlayerUI.prefab using Guid(5ea641da15d19c54f9b517eea4ad8fcf) Importer(815301076,1909f56bfc062723c751e8b465ee728b) [PhysX] Initialized MultithreadedTaskDispatcher with 16 workers.
 -> (artifact id: '5e807b1138f780055ce21b0ba7904283') in 0.033269 seconds
Number of updated asset objects reloaded before import = 0
Number of asset objects unloaded after import = 311
========================================================================
Received Import Request.
  Time since last request: 6.049660 seconds.
  path: Assets/Prefabs/PlayerUI.prefab
  artifactKey: Guid(5ea641da15d19c54f9b517eea4ad8fcf) Importer(815301076,1909f56bfc062723c751e8b465ee728b)
Start importing Assets/Prefabs/PlayerUI.prefab using Guid(5ea641da15d19c54f9b517eea4ad8fcf) Importer(815301076,1909f56bfc062723c751e8b465ee728b) [PhysX] Initialized MultithreadedTaskDispatcher with 16 workers.
 -> (artifact id: '5facb3bd58b028b92ef27dd1450d1df8') in 0.029826 seconds
Number of updated asset objects reloaded before import = 0
Number of asset objects unloaded after import = 311
========================================================================
Received Import Request.
  Time since last request: 6.265314 seconds.
  path: Assets/Prefabs/PlayerUI.prefab
  artifactKey: Guid(5ea641da15d19c54f9b517eea4ad8fcf) Importer(815301076,1909f56bfc062723c751e8b465ee728b)
Start importing Assets/Prefabs/PlayerUI.prefab using Guid(5ea641da15d19c54f9b517eea4ad8fcf) Importer(815301076,1909f56bfc062723c751e8b465ee728b) [PhysX] Initialized MultithreadedTaskDispatcher with 16 workers.
 -> (artifact id: '31223cafb062de65c66ca241b46351a2') in 0.022566 seconds
Number of updated asset objects reloaded before import = 0
Number of asset objects unloaded after import = 311
========================================================================
Received Import Request.
  Time since last request: 3.541555 seconds.
  path: Assets/Prefabs/PlayerUI.prefab
  artifactKey: Guid(5ea641da15d19c54f9b517eea4ad8fcf) Importer(815301076,1909f56bfc062723c751e8b465ee728b)
Start importing Assets/Prefabs/PlayerUI.prefab using Guid(5ea641da15d19c54f9b517eea4ad8fcf) Importer(815301076,1909f56bfc062723c751e8b465ee728b) [PhysX] Initialized MultithreadedTaskDispatcher with 16 workers.
 -> (artifact id: 'd390fff4b752b7b4addcffab67593df6') in 0.020414 seconds
Number of updated asset objects reloaded before import = 0
Number of asset objects unloaded after import = 311
========================================================================
Received Import Request.
  Time since last request: 6.737418 seconds.
  path: Assets/Prefabs/PlayerUI.prefab
  artifactKey: Guid(5ea641da15d19c54f9b517eea4ad8fcf) Importer(815301076,1909f56bfc062723c751e8b465ee728b)
Start importing Assets/Prefabs/PlayerUI.prefab using Guid(5ea641da15d19c54f9b517eea4ad8fcf) Importer(815301076,1909f56bfc062723c751e8b465ee728b) [PhysX] Initialized MultithreadedTaskDispatcher with 16 workers.
 -> (artifact id: 'f8c417eb4e4c7cf6ead0f05d1c2846ac') in 0.022669 seconds
Number of updated asset objects reloaded before import = 0
Number of asset objects unloaded after import = 311
========================================================================
Received Import Request.
  Time since last request: 4.048525 seconds.
  path: Assets/Prefabs/PlayerUI.prefab
  artifactKey: Guid(5ea641da15d19c54f9b517eea4ad8fcf) Importer(815301076,1909f56bfc062723c751e8b465ee728b)
Start importing Assets/Prefabs/PlayerUI.prefab using Guid(5ea641da15d19c54f9b517eea4ad8fcf) Importer(815301076,1909f56bfc062723c751e8b465ee728b) [PhysX] Initialized MultithreadedTaskDispatcher with 16 workers.
 -> (artifact id: 'f8e3c376bcf1560734528cb7fd68977a') in 0.022739 seconds
Number of updated asset objects reloaded before import = 0
Number of asset objects unloaded after import = 311
========================================================================
Received Import Request.
  Time since last request: 6.211631 seconds.
  path: Assets/Prefabs/PlayerUI.prefab
  artifactKey: Guid(5ea641da15d19c54f9b517eea4ad8fcf) Importer(815301076,1909f56bfc062723c751e8b465ee728b)
Start importing Assets/Prefabs/PlayerUI.prefab using Guid(5ea641da15d19c54f9b517eea4ad8fcf) Importer(815301076,1909f56bfc062723c751e8b465ee728b) [PhysX] Initialized MultithreadedTaskDispatcher with 16 workers.
 -> (artifact id: '95d9b81efe1817dc3af1fce06d969725') in 0.023390 seconds
Number of updated asset objects reloaded before import = 0
Number of asset objects unloaded after import = 311
========================================================================
Received Import Request.
  Time since last request: 3.288693 seconds.
  path: Assets/Prefabs/PlayerUI.prefab
  artifactKey: Guid(5ea641da15d19c54f9b517eea4ad8fcf) Importer(815301076,1909f56bfc062723c751e8b465ee728b)
Start importing Assets/Prefabs/PlayerUI.prefab using Guid(5ea641da15d19c54f9b517eea4ad8fcf) Importer(815301076,1909f56bfc062723c751e8b465ee728b) [PhysX] Initialized MultithreadedTaskDispatcher with 16 workers.
 -> (artifact id: '524529d2fc0cb5fd705b93aa42ce3f9e') in 0.019629 seconds
Number of updated asset objects reloaded before import = 0
Number of asset objects unloaded after import = 311
========================================================================
Received Import Request.
  Time since last request: 5.714191 seconds.
  path: Assets/Prefabs/PlayerUI.prefab
  artifactKey: Guid(5ea641da15d19c54f9b517eea4ad8fcf) Importer(815301076,1909f56bfc062723c751e8b465ee728b)
Start importing Assets/Prefabs/PlayerUI.prefab using Guid(5ea641da15d19c54f9b517eea4ad8fcf) Importer(815301076,1909f56bfc062723c751e8b465ee728b) [PhysX] Initialized MultithreadedTaskDispatcher with 16 workers.
 -> (artifact id: '75a7aa616ed6c207a2918c65bee01982') in 0.047891 seconds
Number of updated asset objects reloaded before import = 0
Number of asset objects unloaded after import = 311
========================================================================
Received Import Request.
  Time since last request: 11.999870 seconds.
  path: Assets/Prefabs/PlayerUI.prefab
  artifactKey: Guid(5ea641da15d19c54f9b517eea4ad8fcf) Importer(815301076,1909f56bfc062723c751e8b465ee728b)
Start importing Assets/Prefabs/PlayerUI.prefab using Guid(5ea641da15d19c54f9b517eea4ad8fcf) Importer(815301076,1909f56bfc062723c751e8b465ee728b) [PhysX] Initialized MultithreadedTaskDispatcher with 16 workers.
 -> (artifact id: 'be9395432a57aa25787a0d01e6da06ab') in 0.027325 seconds
Number of updated asset objects reloaded before import = 0
Number of asset objects unloaded after import = 311
========================================================================
Received Import Request.
  Time since last request: 3.993616 seconds.
  path: Assets/Prefabs/PlayerUI.prefab
  artifactKey: Guid(5ea641da15d19c54f9b517eea4ad8fcf) Importer(815301076,1909f56bfc062723c751e8b465ee728b)
Start importing Assets/Prefabs/PlayerUI.prefab using Guid(5ea641da15d19c54f9b517eea4ad8fcf) Importer(815301076,1909f56bfc062723c751e8b465ee728b) [PhysX] Initialized MultithreadedTaskDispatcher with 16 workers.
 -> (artifact id: 'edf5215e05d5812a00b3bbf40e90ed19') in 0.021798 seconds
Number of updated asset objects reloaded before import = 0
Number of asset objects unloaded after import = 311
========================================================================
Received Import Request.
  Time since last request: 6.932044 seconds.
  path: Assets/Prefabs/PlayerUI.prefab
  artifactKey: Guid(5ea641da15d19c54f9b517eea4ad8fcf) Importer(815301076,1909f56bfc062723c751e8b465ee728b)
Start importing Assets/Prefabs/PlayerUI.prefab using Guid(5ea641da15d19c54f9b517eea4ad8fcf) Importer(815301076,1909f56bfc062723c751e8b465ee728b) [PhysX] Initialized MultithreadedTaskDispatcher with 16 workers.
 -> (artifact id: '7608b949fa51e7f3f1c360dc672308ff') in 0.033728 seconds
Number of updated asset objects reloaded before import = 0
Number of asset objects unloaded after import = 311
========================================================================
Received Import Request.
  Time since last request: 3.177564 seconds.
  path: Assets/Prefabs/PlayerUI.prefab
  artifactKey: Guid(5ea641da15d19c54f9b517eea4ad8fcf) Importer(815301076,1909f56bfc062723c751e8b465ee728b)
Start importing Assets/Prefabs/PlayerUI.prefab using Guid(5ea641da15d19c54f9b517eea4ad8fcf) Importer(815301076,1909f56bfc062723c751e8b465ee728b) [PhysX] Initialized MultithreadedTaskDispatcher with 16 workers.
 -> (artifact id: '41446e5eff4e09678fd6b141bbdda6ba') in 0.019695 seconds
Number of updated asset objects reloaded before import = 0
Number of asset objects unloaded after import = 311
========================================================================
Received Import Request.
  Time since last request: 5.445061 seconds.
  path: Assets/Prefabs/PlayerUI.prefab
  artifactKey: Guid(5ea641da15d19c54f9b517eea4ad8fcf) Importer(815301076,1909f56bfc062723c751e8b465ee728b)
Start importing Assets/Prefabs/PlayerUI.prefab using Guid(5ea641da15d19c54f9b517eea4ad8fcf) Importer(815301076,1909f56bfc062723c751e8b465ee728b) [PhysX] Initialized MultithreadedTaskDispatcher with 16 workers.
 -> (artifact id: '99019f7325a4f774f899018f97c99397') in 0.020280 seconds
Number of updated asset objects reloaded before import = 0
Number of asset objects unloaded after import = 311
========================================================================
Received Prepare
Caller must complete domain reload
Begin MonoManager ReloadAssembly
- Loaded All Assemblies, in  0.437 seconds
Native extension for WindowsStandalone target not found
Native extension for WebGL target not found
Mono: successfully reloaded assembly
- Finished resetting the current domain, in  1.066 seconds
Domain Reload Profiling: 1501ms
	BeginReloadAssembly (149ms)
		ExecutionOrderSort (0ms)
		DisableScriptedObjects (11ms)
		BackupInstance (0ms)
		ReleaseScriptingObjects (0ms)
		CreateAndSetChildDomain (34ms)
	RebuildCommonClasses (31ms)
	RebuildNativeTypeToScriptingClass (9ms)
	initialDomainReloadingComplete (26ms)
	LoadAllAssembliesAndSetupDomain (220ms)
		LoadAssemblies (276ms)
		RebuildTransferFunctionScriptingTraits (0ms)
		AnalyzeDomain (15ms)
			TypeCache.Refresh (7ms)
				TypeCache.ScanAssembly (0ms)
			ScanForSourceGeneratedMonoScriptInfo (0ms)
			ResolveRequiredComponents (6ms)
	FinalizeReload (1067ms)
		ReleaseScriptCaches (0ms)
		RebuildScriptCaches (0ms)
		SetupLoadedEditorAssemblies (402ms)
			LogAssemblyErrors (0ms)
			InitializePlatformSupportModulesInManaged (7ms)
			SetLoadedEditorAssemblies (5ms)
			RefreshPlugins (0ms)
			BeforeProcessingInitializeOnLoad (70ms)
			ProcessInitializeOnLoadAttributes (285ms)
			ProcessInitializeOnLoadMethodAttributes (30ms)
			AfterProcessingInitializeOnLoad (6ms)
			EditorAssembliesLoaded (0ms)
		ExecutionOrderSort2 (0ms)
		AwakeInstancesAfterBackupRestoration (10ms)
Refreshing native plugins compatible for Editor in 29.29 ms, found 4 plugins.
Preloading 0 native plugins for Editor in 0.00 ms.
Unloading 4128 Unused Serialized files (Serialized files now loaded: 0)
Unloading 27 unused Assets / (34.5 KB). Loaded Objects now: 4687.
Memory consumption went from 162.1 MB to 162.1 MB.
Total: 4.325100 ms (FindLiveObjects: 0.262700 ms CreateObjectMapping: 0.162100 ms MarkObjects: 3.771300 ms  DeleteObjects: 0.127700 ms)

Prepare: number of updated asset objects reloaded= 0
AssetImportParameters requested are different than current active one (requested -> active):
  custom:container-demuxer-ogg: 62fdf1f143b41e24485cea50d1cbac27 -> 
  custom:video-codec-MediaFoundation-h265: 746d11721c4dcdbdad8f713fa42b33f4 -> 
  custom:video-decoder-ogg-theora: a1e56fd34408186e4bbccfd4996cb3dc -> 
  custom:framework-win-MediaFoundation: 216162199b28c13a410421893ffa2e32 -> 
  custom:CustomObjectIndexerAttribute: 9a22284fe3817be447336de3de66b15e -> 
  custom:container-demuxer-webm: 4f35f7cbe854078d1ac9338744f61a02 -> 
  custom:container-muxer-webm: aa71ff27fc2769a1b78a27578f13a17b -> 
  custom:video-decoder-webm-vp8: 9c59270c3fd7afecdb556c50c9e8de78 -> 
  custom:SearchIndexIgnoredProperties: e643bd26f0fe6173181afceb89e7c659 -> 
  custom:AudioImporter_EditorPlatform: d09bf68614088b80899f8185d706f6e7 -> 
  custom:video-encoder-webm-vp8: eb34c28f22e8b96e1ab97ce403110664 -> 
  custom:audio-decoder-ogg-vorbis: bf7c407c2cedff20999df2af8eb42d56 -> 
  custom:audio-encoder-webm-vorbis: bf7c407c2cedff20999df2af8eb42d56 -> 
========================================================================
Received Import Request.
  Time since last request: 58.882902 seconds.
  path: Assets/Prefabs/PlayerUI.prefab
  artifactKey: Guid(5ea641da15d19c54f9b517eea4ad8fcf) Importer(815301076,1909f56bfc062723c751e8b465ee728b)
Start importing Assets/Prefabs/PlayerUI.prefab using Guid(5ea641da15d19c54f9b517eea4ad8fcf) Importer(815301076,1909f56bfc062723c751e8b465ee728b) [PhysX] Initialized MultithreadedTaskDispatcher with 16 workers.
 -> (artifact id: 'a594b8c503a219e2afe4592aa5adcf3d') in 0.076823 seconds
Number of updated asset objects reloaded before import = 0
Number of asset objects unloaded after import = 311
========================================================================
Received Prepare
Caller must complete domain reload
Begin MonoManager ReloadAssembly
- Loaded All Assemblies, in  0.412 seconds
Native extension for WindowsStandalone target not found
Native extension for WebGL target not found
Mono: successfully reloaded assembly
- Finished resetting the current domain, in  0.921 seconds
Domain Reload Profiling: 1330ms
	BeginReloadAssembly (138ms)
		ExecutionOrderSort (0ms)
		DisableScriptedObjects (9ms)
		BackupInstance (0ms)
		ReleaseScriptingObjects (0ms)
		CreateAndSetChildDomain (29ms)
	RebuildCommonClasses (24ms)
	RebuildNativeTypeToScriptingClass (9ms)
	initialDomainReloadingComplete (25ms)
	LoadAllAssembliesAndSetupDomain (213ms)
		LoadAssemblies (265ms)
		RebuildTransferFunctionScriptingTraits (0ms)
		AnalyzeDomain (19ms)
			TypeCache.Refresh (7ms)
				TypeCache.ScanAssembly (0ms)
			ScanForSourceGeneratedMonoScriptInfo (0ms)
			ResolveRequiredComponents (9ms)
	FinalizeReload (921ms)
		ReleaseScriptCaches (0ms)
		RebuildScriptCaches (0ms)
		SetupLoadedEditorAssemblies (370ms)
			LogAssemblyErrors (0ms)
			InitializePlatformSupportModulesInManaged (6ms)
			SetLoadedEditorAssemblies (4ms)
			RefreshPlugins (0ms)
			BeforeProcessingInitializeOnLoad (62ms)
			ProcessInitializeOnLoadAttributes (264ms)
			ProcessInitializeOnLoadMethodAttributes (28ms)
			AfterProcessingInitializeOnLoad (6ms)
			EditorAssembliesLoaded (0ms)
		ExecutionOrderSort2 (0ms)
		AwakeInstancesAfterBackupRestoration (11ms)
Refreshing native plugins compatible for Editor in 8.96 ms, found 4 plugins.
Preloading 0 native plugins for Editor in 0.00 ms.
Unloading 4128 Unused Serialized files (Serialized files now loaded: 0)
Unloading 22 unused Assets / (33.2 KB). Loaded Objects now: 4691.
Memory consumption went from 162.1 MB to 162.0 MB.
Total: 4.316600 ms (FindLiveObjects: 0.300000 ms CreateObjectMapping: 0.210600 ms MarkObjects: 3.715300 ms  DeleteObjects: 0.089100 ms)

Prepare: number of updated asset objects reloaded= 0
AssetImportParameters requested are different than current active one (requested -> active):
  custom:container-demuxer-ogg: 62fdf1f143b41e24485cea50d1cbac27 -> 
  custom:video-codec-MediaFoundation-h265: 746d11721c4dcdbdad8f713fa42b33f4 -> 
  custom:video-decoder-ogg-theora: a1e56fd34408186e4bbccfd4996cb3dc -> 
  custom:framework-win-MediaFoundation: 216162199b28c13a410421893ffa2e32 -> 
  custom:CustomObjectIndexerAttribute: 9a22284fe3817be447336de3de66b15e -> 
  custom:container-demuxer-webm: 4f35f7cbe854078d1ac9338744f61a02 -> 
  custom:container-muxer-webm: aa71ff27fc2769a1b78a27578f13a17b -> 
  custom:video-decoder-webm-vp8: 9c59270c3fd7afecdb556c50c9e8de78 -> 
  custom:SearchIndexIgnoredProperties: e643bd26f0fe6173181afceb89e7c659 -> 
  custom:AudioImporter_EditorPlatform: d09bf68614088b80899f8185d706f6e7 -> 
  custom:video-encoder-webm-vp8: eb34c28f22e8b96e1ab97ce403110664 -> 
  custom:audio-decoder-ogg-vorbis: bf7c407c2cedff20999df2af8eb42d56 -> 
  custom:audio-encoder-webm-vorbis: bf7c407c2cedff20999df2af8eb42d56 -> 
========================================================================
Received Import Request.
  Time since last request: 95.952621 seconds.
  path: Assets/Scenes/Basic Scene.scenetemplate
  artifactKey: Guid(53000055ed4402440aa71c7019eaaaf9) Importer(815301076,1909f56bfc062723c751e8b465ee728b)
Start importing Assets/Scenes/Basic Scene.scenetemplate using Guid(53000055ed4402440aa71c7019eaaaf9) Importer(815301076,1909f56bfc062723c751e8b465ee728b) [PhysX] Initialized MultithreadedTaskDispatcher with 16 workers.
Calls to "AssetDatabase.SaveAssets" are restricted during asset importing. 
UnityEngine.StackTraceUtility:ExtractStackTrace ()
UnityEditor.SceneTemplate.SceneTemplateAsset:UpdateDependencies ()
UnityEditor.SceneTemplate.SceneTemplateAssetInspectorWindow:UpdateSceneTemplateAsset ()
UnityEditor.SceneTemplate.SceneTemplateAssetInspectorWindow:OnEnable ()
UnityEditor.Editor:CreateEditorWithContext (UnityEngine.Object[],UnityEngine.Object,System.Type)
UnityEditor.Editor:CreateEditor (UnityEngine.Object,System.Type)
UnityEditor.Editor:CreateEditor (UnityEngine.Object)
UnityEditor.AssetPreviewUpdater:CreatePreview (UnityEngine.Object,UnityEngine.Object[],string,int,int)
UnityEditor.AssetPreviewUpdater:CreatePreviewForAsset (UnityEngine.Object,UnityEngine.Object[],string)

[C:\build\output\unity\unity\Modules\AssetDatabase\Editor\Public\AssetDatabasePreventExecution.cpp line 39]

UnityException: Calls to "AssetDatabase.SaveAssets" are restricted during asset importing. 
  at (wrapper managed-to-native) UnityEditor.AssetDatabase.SaveAssets()
  at UnityEditor.SceneTemplate.SceneTemplateAsset.UpdateDependencies () [0x00109] in <8bf34f793fd9440f9c8eb0dda774d246>:0 
  at UnityEditor.SceneTemplate.SceneTemplateAssetInspectorWindow.UpdateSceneTemplateAsset () [0x00012] in <8bf34f793fd9440f9c8eb0dda774d246>:0 
  at UnityEditor.SceneTemplate.SceneTemplateAssetInspectorWindow.OnEnable () [0x00011] in <8bf34f793fd9440f9c8eb0dda774d246>:0 
UnityEditor.Editor:CreateEditorWithContextInternal(Object[], Object, Type)
UnityEditor.Editor:CreateEditorWithContext(Object[], Object, Type)
UnityEditor.Editor:CreateEditor(Object, Type)
UnityEditor.Editor:CreateEditor(Object)
UnityEditor.AssetPreviewUpdater:CreatePreview(Object, Object[], String, Int32, Int32)
UnityEditor.AssetPreviewUpdater:CreatePreviewForAsset(Object, Object[], String)

[PhysX] Initialized MultithreadedTaskDispatcher with 16 workers.
 -> (artifact id: '7fde8da51a7a4956d4f6a04cfd439186') in 0.223295 seconds
Number of updated asset objects reloaded before import = 0
Number of asset objects unloaded after import = 535
========================================================================
Received Import Request.
  Time since last request: 29.384554 seconds.
  path: Assets/Scenes/Tutorial.unity
  artifactKey: Guid(401bf4882b9ea4a54b353dff843cc611) Importer(815301076,1909f56bfc062723c751e8b465ee728b)
Start importing Assets/Scenes/Tutorial.unity using Guid(401bf4882b9ea4a54b353dff843cc611) Importer(815301076,1909f56bfc062723c751e8b465ee728b) [PhysX] Initialized MultithreadedTaskDispatcher with 16 workers.
 -> (artifact id: 'e9f4b7cd781682a8de0f2c736fe392d1') in 0.000805 seconds
Number of updated asset objects reloaded before import = 0
Number of asset objects unloaded after import = 0
========================================================================
Received Prepare
Caller must complete domain reload
Begin MonoManager ReloadAssembly
- Loaded All Assemblies, in  0.463 seconds
Native extension for WindowsStandalone target not found
Native extension for WebGL target not found
Mono: successfully reloaded assembly
- Finished resetting the current domain, in  0.889 seconds
Domain Reload Profiling: 1349ms
	BeginReloadAssembly (205ms)
		ExecutionOrderSort (0ms)
		DisableScriptedObjects (9ms)
		BackupInstance (0ms)
		ReleaseScriptingObjects (0ms)
		CreateAndSetChildDomain (36ms)
	RebuildCommonClasses (23ms)
	RebuildNativeTypeToScriptingClass (8ms)
	initialDomainReloadingComplete (24ms)
	LoadAllAssembliesAndSetupDomain (200ms)
		LoadAssemblies (314ms)
		RebuildTransferFunctionScriptingTraits (0ms)
		AnalyzeDomain (12ms)
			TypeCache.Refresh (6ms)
				TypeCache.ScanAssembly (0ms)
			ScanForSourceGeneratedMonoScriptInfo (0ms)
			ResolveRequiredComponents (4ms)
	FinalizeReload (890ms)
		ReleaseScriptCaches (0ms)
		RebuildScriptCaches (0ms)
		SetupLoadedEditorAssemblies (362ms)
			LogAssemblyErrors (0ms)
			InitializePlatformSupportModulesInManaged (6ms)
			SetLoadedEditorAssemblies (4ms)
			RefreshPlugins (0ms)
			BeforeProcessingInitializeOnLoad (66ms)
			ProcessInitializeOnLoadAttributes (254ms)
			ProcessInitializeOnLoadMethodAttributes (26ms)
			AfterProcessingInitializeOnLoad (6ms)
			EditorAssembliesLoaded (0ms)
		ExecutionOrderSort2 (0ms)
		AwakeInstancesAfterBackupRestoration (11ms)
Refreshing native plugins compatible for Editor in 9.59 ms, found 4 plugins.
Preloading 0 native plugins for Editor in 0.00 ms.
Unloading 4128 Unused Serialized files (Serialized files now loaded: 0)
Unloading 27 unused Assets / (34.4 KB). Loaded Objects now: 4695.
Memory consumption went from 162.2 MB to 162.1 MB.
Total: 3.487400 ms (FindLiveObjects: 0.253100 ms CreateObjectMapping: 0.203700 ms MarkObjects: 2.903200 ms  DeleteObjects: 0.126400 ms)

Prepare: number of updated asset objects reloaded= 0
AssetImportParameters requested are different than current active one (requested -> active):
  custom:container-demuxer-ogg: 62fdf1f143b41e24485cea50d1cbac27 -> 
  custom:video-codec-MediaFoundation-h265: 746d11721c4dcdbdad8f713fa42b33f4 -> 
  custom:video-decoder-ogg-theora: a1e56fd34408186e4bbccfd4996cb3dc -> 
  custom:framework-win-MediaFoundation: 216162199b28c13a410421893ffa2e32 -> 
  custom:CustomObjectIndexerAttribute: 9a22284fe3817be447336de3de66b15e -> 
  custom:container-demuxer-webm: 4f35f7cbe854078d1ac9338744f61a02 -> 
  custom:container-muxer-webm: aa71ff27fc2769a1b78a27578f13a17b -> 
  custom:video-decoder-webm-vp8: 9c59270c3fd7afecdb556c50c9e8de78 -> 
  custom:SearchIndexIgnoredProperties: e643bd26f0fe6173181afceb89e7c659 -> 
  custom:AudioImporter_EditorPlatform: d09bf68614088b80899f8185d706f6e7 -> 
  custom:video-encoder-webm-vp8: eb34c28f22e8b96e1ab97ce403110664 -> 
  custom:audio-decoder-ogg-vorbis: bf7c407c2cedff20999df2af8eb42d56 -> 
  custom:audio-encoder-webm-vorbis: bf7c407c2cedff20999df2af8eb42d56 -> 
========================================================================
Received Prepare
Caller must complete domain reload
Begin MonoManager ReloadAssembly
- Loaded All Assemblies, in  0.391 seconds
Native extension for WindowsStandalone target not found
Native extension for WebGL target not found
Mono: successfully reloaded assembly
- Finished resetting the current domain, in  0.922 seconds
Domain Reload Profiling: 1310ms
	BeginReloadAssembly (138ms)
		ExecutionOrderSort (0ms)
		DisableScriptedObjects (8ms)
		BackupInstance (0ms)
		ReleaseScriptingObjects (0ms)
		CreateAndSetChildDomain (28ms)
	RebuildCommonClasses (25ms)
	RebuildNativeTypeToScriptingClass (8ms)
	initialDomainReloadingComplete (23ms)
	LoadAllAssembliesAndSetupDomain (193ms)
		LoadAssemblies (254ms)
		RebuildTransferFunctionScriptingTraits (0ms)
		AnalyzeDomain (14ms)
			TypeCache.Refresh (6ms)
				TypeCache.ScanAssembly (0ms)
			ScanForSourceGeneratedMonoScriptInfo (0ms)
			ResolveRequiredComponents (5ms)
	FinalizeReload (923ms)
		ReleaseScriptCaches (0ms)
		RebuildScriptCaches (0ms)
		SetupLoadedEditorAssemblies (376ms)
			LogAssemblyErrors (0ms)
			InitializePlatformSupportModulesInManaged (7ms)
			SetLoadedEditorAssemblies (4ms)
			RefreshPlugins (0ms)
			BeforeProcessingInitializeOnLoad (66ms)
			ProcessInitializeOnLoadAttributes (265ms)
			ProcessInitializeOnLoadMethodAttributes (28ms)
			AfterProcessingInitializeOnLoad (6ms)
			EditorAssembliesLoaded (0ms)
		ExecutionOrderSort2 (0ms)
		AwakeInstancesAfterBackupRestoration (12ms)
Refreshing native plugins compatible for Editor in 9.01 ms, found 4 plugins.
Preloading 0 native plugins for Editor in 0.00 ms.
Unloading 4129 Unused Serialized files (Serialized files now loaded: 0)
Unloading 20 unused Assets / (31.7 KB). Loaded Objects now: 4699.
Memory consumption went from 162.4 MB to 162.4 MB.
Total: 3.775500 ms (FindLiveObjects: 0.248200 ms CreateObjectMapping: 0.203300 ms MarkObjects: 3.264900 ms  DeleteObjects: 0.057600 ms)

Prepare: number of updated asset objects reloaded= 0
AssetImportParameters requested are different than current active one (requested -> active):
  custom:container-demuxer-ogg: 62fdf1f143b41e24485cea50d1cbac27 -> 
  custom:video-codec-MediaFoundation-h265: 746d11721c4dcdbdad8f713fa42b33f4 -> 
  custom:video-decoder-ogg-theora: a1e56fd34408186e4bbccfd4996cb3dc -> 
  custom:framework-win-MediaFoundation: 216162199b28c13a410421893ffa2e32 -> 
  custom:CustomObjectIndexerAttribute: 9a22284fe3817be447336de3de66b15e -> 
  custom:container-demuxer-webm: 4f35f7cbe854078d1ac9338744f61a02 -> 
  custom:container-muxer-webm: aa71ff27fc2769a1b78a27578f13a17b -> 
  custom:video-decoder-webm-vp8: 9c59270c3fd7afecdb556c50c9e8de78 -> 
  custom:SearchIndexIgnoredProperties: e643bd26f0fe6173181afceb89e7c659 -> 
  custom:AudioImporter_EditorPlatform: d09bf68614088b80899f8185d706f6e7 -> 
  custom:video-encoder-webm-vp8: eb34c28f22e8b96e1ab97ce403110664 -> 
  custom:audio-decoder-ogg-vorbis: bf7c407c2cedff20999df2af8eb42d56 -> 
  custom:audio-encoder-webm-vorbis: bf7c407c2cedff20999df2af8eb42d56 -> 
========================================================================
Received Import Request.
  Time since last request: 287.254060 seconds.
  path: Assets/Scenes/Basic Scene.scenetemplate
  artifactKey: Guid(53000055ed4402440aa71c7019eaaaf9) Importer(815301076,1909f56bfc062723c751e8b465ee728b)
Start importing Assets/Scenes/Basic Scene.scenetemplate using Guid(53000055ed4402440aa71c7019eaaaf9) Importer(815301076,1909f56bfc062723c751e8b465ee728b) [PhysX] Initialized MultithreadedTaskDispatcher with 16 workers.
Calls to "AssetDatabase.SaveAssets" are restricted during asset importing. 
UnityEngine.StackTraceUtility:ExtractStackTrace ()
UnityEditor.SceneTemplate.SceneTemplateAsset:UpdateDependencies ()
UnityEditor.SceneTemplate.SceneTemplateAssetInspectorWindow:UpdateSceneTemplateAsset ()
UnityEditor.SceneTemplate.SceneTemplateAssetInspectorWindow:OnEnable ()
UnityEditor.Editor:CreateEditorWithContext (UnityEngine.Object[],UnityEngine.Object,System.Type)
UnityEditor.Editor:CreateEditor (UnityEngine.Object,System.Type)
UnityEditor.Editor:CreateEditor (UnityEngine.Object)
UnityEditor.AssetPreviewUpdater:CreatePreview (UnityEngine.Object,UnityEngine.Object[],string,int,int)
UnityEditor.AssetPreviewUpdater:CreatePreviewForAsset (UnityEngine.Object,UnityEngine.Object[],string)

[C:\build\output\unity\unity\Modules\AssetDatabase\Editor\Public\AssetDatabasePreventExecution.cpp line 39]

UnityException: Calls to "AssetDatabase.SaveAssets" are restricted during asset importing. 
  at (wrapper managed-to-native) UnityEditor.AssetDatabase.SaveAssets()
  at UnityEditor.SceneTemplate.SceneTemplateAsset.UpdateDependencies () [0x00109] in <8bf34f793fd9440f9c8eb0dda774d246>:0 
  at UnityEditor.SceneTemplate.SceneTemplateAssetInspectorWindow.UpdateSceneTemplateAsset () [0x00012] in <8bf34f793fd9440f9c8eb0dda774d246>:0 
  at UnityEditor.SceneTemplate.SceneTemplateAssetInspectorWindow.OnEnable () [0x00011] in <8bf34f793fd9440f9c8eb0dda774d246>:0 
UnityEditor.Editor:CreateEditorWithContextInternal(Object[], Object, Type)
UnityEditor.Editor:CreateEditorWithContext(Object[], Object, Type)
UnityEditor.Editor:CreateEditor(Object, Type)
UnityEditor.Editor:CreateEditor(Object)
UnityEditor.AssetPreviewUpdater:CreatePreview(Object, Object[], String, Int32, Int32)
UnityEditor.AssetPreviewUpdater:CreatePreviewForAsset(Object, Object[], String)

[PhysX] Initialized MultithreadedTaskDispatcher with 16 workers.
 -> (artifact id: 'ad48aa5c7d249e9740b0f1f656942e9c') in 0.266474 seconds
Number of updated asset objects reloaded before import = 0
Number of asset objects unloaded after import = 535
========================================================================
Received Prepare
Caller must complete domain reload
Begin MonoManager ReloadAssembly
- Loaded All Assemblies, in  0.490 seconds
Native extension for WindowsStandalone target not found
Native extension for WebGL target not found
Mono: successfully reloaded assembly
- Finished resetting the current domain, in  1.032 seconds
Domain Reload Profiling: 1513ms
	BeginReloadAssembly (142ms)
		ExecutionOrderSort (0ms)
		DisableScriptedObjects (10ms)
		BackupInstance (0ms)
		ReleaseScriptingObjects (0ms)
		CreateAndSetChildDomain (32ms)
	RebuildCommonClasses (29ms)
	RebuildNativeTypeToScriptingClass (10ms)
	initialDomainReloadingComplete (31ms)
	LoadAllAssembliesAndSetupDomain (268ms)
		LoadAssemblies (310ms)
		RebuildTransferFunctionScriptingTraits (0ms)
		AnalyzeDomain (29ms)
			TypeCache.Refresh (11ms)
				TypeCache.ScanAssembly (0ms)
			ScanForSourceGeneratedMonoScriptInfo (9ms)
			ResolveRequiredComponents (7ms)
	FinalizeReload (1032ms)
		ReleaseScriptCaches (0ms)
		RebuildScriptCaches (0ms)
		SetupLoadedEditorAssemblies (342ms)
			LogAssemblyErrors (0ms)
			InitializePlatformSupportModulesInManaged (7ms)
			SetLoadedEditorAssemblies (4ms)
			RefreshPlugins (0ms)
			BeforeProcessingInitializeOnLoad (60ms)
			ProcessInitializeOnLoadAttributes (243ms)
			ProcessInitializeOnLoadMethodAttributes (22ms)
			AfterProcessingInitializeOnLoad (6ms)
			EditorAssembliesLoaded (0ms)
		ExecutionOrderSort2 (0ms)
		AwakeInstancesAfterBackupRestoration (9ms)
Refreshing native plugins compatible for Editor in 9.13 ms, found 4 plugins.
Preloading 0 native plugins for Editor in 0.00 ms.
Unloading 4128 Unused Serialized files (Serialized files now loaded: 0)
Unloading 27 unused Assets / (34.5 KB). Loaded Objects now: 4703.
Memory consumption went from 162.2 MB to 162.1 MB.
Total: 3.472400 ms (FindLiveObjects: 0.259000 ms CreateObjectMapping: 0.154300 ms MarkObjects: 2.944900 ms  DeleteObjects: 0.113100 ms)

Prepare: number of updated asset objects reloaded= 0
AssetImportParameters requested are different than current active one (requested -> active):
  custom:container-demuxer-ogg: 62fdf1f143b41e24485cea50d1cbac27 -> 
  custom:video-codec-MediaFoundation-h265: 746d11721c4dcdbdad8f713fa42b33f4 -> 
  custom:video-decoder-ogg-theora: a1e56fd34408186e4bbccfd4996cb3dc -> 
  custom:framework-win-MediaFoundation: 216162199b28c13a410421893ffa2e32 -> 
  custom:CustomObjectIndexerAttribute: 9a22284fe3817be447336de3de66b15e -> 
  custom:container-demuxer-webm: 4f35f7cbe854078d1ac9338744f61a02 -> 
  custom:container-muxer-webm: aa71ff27fc2769a1b78a27578f13a17b -> 
  custom:video-decoder-webm-vp8: 9c59270c3fd7afecdb556c50c9e8de78 -> 
  custom:SearchIndexIgnoredProperties: e643bd26f0fe6173181afceb89e7c659 -> 
  custom:AudioImporter_EditorPlatform: d09bf68614088b80899f8185d706f6e7 -> 
  custom:video-encoder-webm-vp8: eb34c28f22e8b96e1ab97ce403110664 -> 
  custom:audio-decoder-ogg-vorbis: bf7c407c2cedff20999df2af8eb42d56 -> 
  custom:audio-encoder-webm-vorbis: bf7c407c2cedff20999df2af8eb42d56 -> 
========================================================================
Received Prepare
Caller must complete domain reload
Begin MonoManager ReloadAssembly
- Loaded All Assemblies, in  0.379 seconds
Native extension for WindowsStandalone target not found
Native extension for WebGL target not found
Mono: successfully reloaded assembly
- Finished resetting the current domain, in  0.907 seconds
Domain Reload Profiling: 1283ms
	BeginReloadAssembly (126ms)
		ExecutionOrderSort (0ms)
		DisableScriptedObjects (8ms)
		BackupInstance (0ms)
		ReleaseScriptingObjects (0ms)
		CreateAndSetChildDomain (23ms)
	RebuildCommonClasses (23ms)
	RebuildNativeTypeToScriptingClass (10ms)
	initialDomainReloadingComplete (22ms)
	LoadAllAssembliesAndSetupDomain (195ms)
		LoadAssemblies (248ms)
		RebuildTransferFunctionScriptingTraits (0ms)
		AnalyzeDomain (15ms)
			TypeCache.Refresh (7ms)
				TypeCache.ScanAssembly (0ms)
			ScanForSourceGeneratedMonoScriptInfo (0ms)
			ResolveRequiredComponents (7ms)
	FinalizeReload (907ms)
		ReleaseScriptCaches (0ms)
		RebuildScriptCaches (0ms)
		SetupLoadedEditorAssemblies (371ms)
			LogAssemblyErrors (0ms)
			InitializePlatformSupportModulesInManaged (7ms)
			SetLoadedEditorAssemblies (5ms)
			RefreshPlugins (0ms)
			BeforeProcessingInitializeOnLoad (67ms)
			ProcessInitializeOnLoadAttributes (258ms)
			ProcessInitializeOnLoadMethodAttributes (27ms)
			AfterProcessingInitializeOnLoad (7ms)
			EditorAssembliesLoaded (0ms)
		ExecutionOrderSort2 (0ms)
		AwakeInstancesAfterBackupRestoration (12ms)
Refreshing native plugins compatible for Editor in 8.66 ms, found 4 plugins.
Preloading 0 native plugins for Editor in 0.00 ms.
Unloading 4129 Unused Serialized files (Serialized files now loaded: 0)
Unloading 20 unused Assets / (31.6 KB). Loaded Objects now: 4707.
Memory consumption went from 162.4 MB to 162.4 MB.
Total: 3.517200 ms (FindLiveObjects: 0.329600 ms CreateObjectMapping: 0.145300 ms MarkObjects: 2.986600 ms  DeleteObjects: 0.054500 ms)

Prepare: number of updated asset objects reloaded= 0
AssetImportParameters requested are different than current active one (requested -> active):
  custom:container-demuxer-ogg: 62fdf1f143b41e24485cea50d1cbac27 -> 
  custom:video-codec-MediaFoundation-h265: 746d11721c4dcdbdad8f713fa42b33f4 -> 
  custom:video-decoder-ogg-theora: a1e56fd34408186e4bbccfd4996cb3dc -> 
  custom:framework-win-MediaFoundation: 216162199b28c13a410421893ffa2e32 -> 
  custom:CustomObjectIndexerAttribute: 9a22284fe3817be447336de3de66b15e -> 
  custom:container-demuxer-webm: 4f35f7cbe854078d1ac9338744f61a02 -> 
  custom:container-muxer-webm: aa71ff27fc2769a1b78a27578f13a17b -> 
  custom:video-decoder-webm-vp8: 9c59270c3fd7afecdb556c50c9e8de78 -> 
  custom:SearchIndexIgnoredProperties: e643bd26f0fe6173181afceb89e7c659 -> 
  custom:AudioImporter_EditorPlatform: d09bf68614088b80899f8185d706f6e7 -> 
  custom:video-encoder-webm-vp8: eb34c28f22e8b96e1ab97ce403110664 -> 
  custom:audio-decoder-ogg-vorbis: bf7c407c2cedff20999df2af8eb42d56 -> 
  custom:audio-encoder-webm-vorbis: bf7c407c2cedff20999df2af8eb42d56 -> 
========================================================================
Received Prepare
Caller must complete domain reload
Begin MonoManager ReloadAssembly
- Loaded All Assemblies, in  0.405 seconds
Native extension for WindowsStandalone target not found
Native extension for WebGL target not found
Mono: successfully reloaded assembly
- Finished resetting the current domain, in  1.077 seconds
Domain Reload Profiling: 1479ms
	BeginReloadAssembly (135ms)
		ExecutionOrderSort (0ms)
		DisableScriptedObjects (9ms)
		BackupInstance (0ms)
		ReleaseScriptingObjects (0ms)
		CreateAndSetChildDomain (28ms)
	RebuildCommonClasses (24ms)
	RebuildNativeTypeToScriptingClass (10ms)
	initialDomainReloadingComplete (27ms)
	LoadAllAssembliesAndSetupDomain (205ms)
		LoadAssemblies (262ms)
		RebuildTransferFunctionScriptingTraits (0ms)
		AnalyzeDomain (14ms)
			TypeCache.Refresh (6ms)
				TypeCache.ScanAssembly (0ms)
			ScanForSourceGeneratedMonoScriptInfo (0ms)
			ResolveRequiredComponents (5ms)
	FinalizeReload (1077ms)
		ReleaseScriptCaches (0ms)
		RebuildScriptCaches (0ms)
		SetupLoadedEditorAssemblies (543ms)
			LogAssemblyErrors (0ms)
			InitializePlatformSupportModulesInManaged (6ms)
			SetLoadedEditorAssemblies (4ms)
			RefreshPlugins (0ms)
			BeforeProcessingInitializeOnLoad (67ms)
			ProcessInitializeOnLoadAttributes (428ms)
			ProcessInitializeOnLoadMethodAttributes (29ms)
			AfterProcessingInitializeOnLoad (7ms)
			EditorAssembliesLoaded (0ms)
		ExecutionOrderSort2 (0ms)
		AwakeInstancesAfterBackupRestoration (12ms)
Refreshing native plugins compatible for Editor in 179.88 ms, found 4 plugins.
Preloading 0 native plugins for Editor in 0.00 ms.
Unloading 4129 Unused Serialized files (Serialized files now loaded: 0)
Unloading 20 unused Assets / (31.6 KB). Loaded Objects now: 4711.
Memory consumption went from 162.4 MB to 162.4 MB.
Total: 5.911700 ms (FindLiveObjects: 0.399200 ms CreateObjectMapping: 0.217800 ms MarkObjects: 5.191300 ms  DeleteObjects: 0.100500 ms)

Prepare: number of updated asset objects reloaded= 0
AssetImportParameters requested are different than current active one (requested -> active):
  custom:container-demuxer-ogg: 62fdf1f143b41e24485cea50d1cbac27 -> 
  custom:video-codec-MediaFoundation-h265: 746d11721c4dcdbdad8f713fa42b33f4 -> 
  custom:video-decoder-ogg-theora: a1e56fd34408186e4bbccfd4996cb3dc -> 
  custom:framework-win-MediaFoundation: 216162199b28c13a410421893ffa2e32 -> 
  custom:CustomObjectIndexerAttribute: 9a22284fe3817be447336de3de66b15e -> 
  custom:container-demuxer-webm: 4f35f7cbe854078d1ac9338744f61a02 -> 
  custom:container-muxer-webm: aa71ff27fc2769a1b78a27578f13a17b -> 
  custom:video-decoder-webm-vp8: 9c59270c3fd7afecdb556c50c9e8de78 -> 
  custom:SearchIndexIgnoredProperties: e643bd26f0fe6173181afceb89e7c659 -> 
  custom:AudioImporter_EditorPlatform: d09bf68614088b80899f8185d706f6e7 -> 
  custom:video-encoder-webm-vp8: eb34c28f22e8b96e1ab97ce403110664 -> 
  custom:audio-decoder-ogg-vorbis: bf7c407c2cedff20999df2af8eb42d56 -> 
  custom:audio-encoder-webm-vorbis: bf7c407c2cedff20999df2af8eb42d56 -> 
========================================================================
Received Prepare
Caller must complete domain reload
Begin MonoManager ReloadAssembly
- Loaded All Assemblies, in  4.719 seconds
Native extension for WindowsStandalone target not found
Native extension for WebGL target not found
Mono: successfully reloaded assembly
- Finished resetting the current domain, in 30.835 seconds
Domain Reload Profiling: 35550ms
	BeginReloadAssembly (225ms)
		ExecutionOrderSort (0ms)
		DisableScriptedObjects (10ms)
		BackupInstance (0ms)
		ReleaseScriptingObjects (0ms)
		CreateAndSetChildDomain (28ms)
	RebuildCommonClasses (254ms)
	RebuildNativeTypeToScriptingClass (9ms)
	initialDomainReloadingComplete (29ms)
	LoadAllAssembliesAndSetupDomain (4198ms)
		LoadAssemblies (4342ms)
		RebuildTransferFunctionScriptingTraits (0ms)
		AnalyzeDomain (14ms)
			TypeCache.Refresh (7ms)
				TypeCache.ScanAssembly (0ms)
			ScanForSourceGeneratedMonoScriptInfo (0ms)
			ResolveRequiredComponents (5ms)
	FinalizeReload (30835ms)
		ReleaseScriptCaches (0ms)
		RebuildScriptCaches (0ms)
		SetupLoadedEditorAssemblies (336ms)
			LogAssemblyErrors (0ms)
			InitializePlatformSupportModulesInManaged (7ms)
			SetLoadedEditorAssemblies (4ms)
			RefreshPlugins (0ms)
			BeforeProcessingInitializeOnLoad (64ms)
			ProcessInitializeOnLoadAttributes (230ms)
			ProcessInitializeOnLoadMethodAttributes (24ms)
			AfterProcessingInitializeOnLoad (6ms)
			EditorAssembliesLoaded (0ms)
		ExecutionOrderSort2 (0ms)
		AwakeInstancesAfterBackupRestoration (9ms)
Refreshing native plugins compatible for Editor in 9.69 ms, found 4 plugins.
Preloading 0 native plugins for Editor in 0.00 ms.
Unloading 4129 Unused Serialized files (Serialized files now loaded: 0)
Unloading 20 unused Assets / (31.6 KB). Loaded Objects now: 4715.
Memory consumption went from 162.4 MB to 162.4 MB.
Total: 3.426800 ms (FindLiveObjects: 0.251800 ms CreateObjectMapping: 0.141200 ms MarkObjects: 2.973100 ms  DeleteObjects: 0.059600 ms)

Prepare: number of updated asset objects reloaded= 0
AssetImportParameters requested are different than current active one (requested -> active):
  custom:container-demuxer-ogg: 62fdf1f143b41e24485cea50d1cbac27 -> 
  custom:video-codec-MediaFoundation-h265: 746d11721c4dcdbdad8f713fa42b33f4 -> 
  custom:video-decoder-ogg-theora: a1e56fd34408186e4bbccfd4996cb3dc -> 
  custom:framework-win-MediaFoundation: 216162199b28c13a410421893ffa2e32 -> 
  custom:CustomObjectIndexerAttribute: 9a22284fe3817be447336de3de66b15e -> 
  custom:container-demuxer-webm: 4f35f7cbe854078d1ac9338744f61a02 -> 
  custom:container-muxer-webm: aa71ff27fc2769a1b78a27578f13a17b -> 
  custom:video-decoder-webm-vp8: 9c59270c3fd7afecdb556c50c9e8de78 -> 
  custom:SearchIndexIgnoredProperties: e643bd26f0fe6173181afceb89e7c659 -> 
  custom:AudioImporter_EditorPlatform: d09bf68614088b80899f8185d706f6e7 -> 
  custom:video-encoder-webm-vp8: eb34c28f22e8b96e1ab97ce403110664 -> 
  custom:audio-decoder-ogg-vorbis: bf7c407c2cedff20999df2af8eb42d56 -> 
  custom:audio-encoder-webm-vorbis: bf7c407c2cedff20999df2af8eb42d56 -> 
========================================================================
Received Import Request.
  Time since last request: 208.564082 seconds.
  path: Assets/Scenes/Basic Scene.scenetemplate
  artifactKey: Guid(53000055ed4402440aa71c7019eaaaf9) Importer(815301076,1909f56bfc062723c751e8b465ee728b)
Start importing Assets/Scenes/Basic Scene.scenetemplate using Guid(53000055ed4402440aa71c7019eaaaf9) Importer(815301076,1909f56bfc062723c751e8b465ee728b) [PhysX] Initialized MultithreadedTaskDispatcher with 16 workers.
Calls to "AssetDatabase.SaveAssets" are restricted during asset importing. 
UnityEngine.StackTraceUtility:ExtractStackTrace ()
UnityEditor.SceneTemplate.SceneTemplateAsset:UpdateDependencies ()
UnityEditor.SceneTemplate.SceneTemplateAssetInspectorWindow:UpdateSceneTemplateAsset ()
UnityEditor.SceneTemplate.SceneTemplateAssetInspectorWindow:OnEnable ()
UnityEditor.Editor:CreateEditorWithContext (UnityEngine.Object[],UnityEngine.Object,System.Type)
UnityEditor.Editor:CreateEditor (UnityEngine.Object,System.Type)
UnityEditor.Editor:CreateEditor (UnityEngine.Object)
UnityEditor.AssetPreviewUpdater:CreatePreview (UnityEngine.Object,UnityEngine.Object[],string,int,int)
UnityEditor.AssetPreviewUpdater:CreatePreviewForAsset (UnityEngine.Object,UnityEngine.Object[],string)

[C:\build\output\unity\unity\Modules\AssetDatabase\Editor\Public\AssetDatabasePreventExecution.cpp line 39]

UnityException: Calls to "AssetDatabase.SaveAssets" are restricted during asset importing. 
  at (wrapper managed-to-native) UnityEditor.AssetDatabase.SaveAssets()
  at UnityEditor.SceneTemplate.SceneTemplateAsset.UpdateDependencies () [0x00109] in <8bf34f793fd9440f9c8eb0dda774d246>:0 
  at UnityEditor.SceneTemplate.SceneTemplateAssetInspectorWindow.UpdateSceneTemplateAsset () [0x00012] in <8bf34f793fd9440f9c8eb0dda774d246>:0 
  at UnityEditor.SceneTemplate.SceneTemplateAssetInspectorWindow.OnEnable () [0x00011] in <8bf34f793fd9440f9c8eb0dda774d246>:0 
UnityEditor.Editor:CreateEditorWithContextInternal(Object[], Object, Type)
UnityEditor.Editor:CreateEditorWithContext(Object[], Object, Type)
UnityEditor.Editor:CreateEditor(Object, Type)
UnityEditor.Editor:CreateEditor(Object)
UnityEditor.AssetPreviewUpdater:CreatePreview(Object, Object[], String, Int32, Int32)
UnityEditor.AssetPreviewUpdater:CreatePreviewForAsset(Object, Object[], String)

[PhysX] Initialized MultithreadedTaskDispatcher with 16 workers.
 -> (artifact id: '8d67910606a37b9c3b805ca65782e3cf') in 0.993144 seconds
Number of updated asset objects reloaded before import = 0
Number of asset objects unloaded after import = 535
========================================================================
Received Prepare
Caller must complete domain reload
Begin MonoManager ReloadAssembly
- Loaded All Assemblies, in  0.446 seconds
Native extension for WindowsStandalone target not found
Native extension for WebGL target not found
Mono: successfully reloaded assembly
- Finished resetting the current domain, in  0.948 seconds
Domain Reload Profiling: 1392ms
	BeginReloadAssembly (135ms)
		ExecutionOrderSort (0ms)
		DisableScriptedObjects (8ms)
		BackupInstance (0ms)
		ReleaseScriptingObjects (0ms)
		CreateAndSetChildDomain (28ms)
	RebuildCommonClasses (24ms)
	RebuildNativeTypeToScriptingClass (8ms)
	initialDomainReloadingComplete (27ms)
	LoadAllAssembliesAndSetupDomain (250ms)
		LoadAssemblies (291ms)
		RebuildTransferFunctionScriptingTraits (0ms)
		AnalyzeDomain (29ms)
			TypeCache.Refresh (10ms)
				TypeCache.ScanAssembly (0ms)
			ScanForSourceGeneratedMonoScriptInfo (11ms)
			ResolveRequiredComponents (6ms)
	FinalizeReload (948ms)
		ReleaseScriptCaches (0ms)
		RebuildScriptCaches (0ms)
		SetupLoadedEditorAssemblies (318ms)
			LogAssemblyErrors (0ms)
			InitializePlatformSupportModulesInManaged (6ms)
			SetLoadedEditorAssemblies (4ms)
			RefreshPlugins (0ms)
			BeforeProcessingInitializeOnLoad (56ms)
			ProcessInitializeOnLoadAttributes (224ms)
			ProcessInitializeOnLoadMethodAttributes (24ms)
			AfterProcessingInitializeOnLoad (5ms)
			EditorAssembliesLoaded (0ms)
		ExecutionOrderSort2 (0ms)
		AwakeInstancesAfterBackupRestoration (10ms)
Refreshing native plugins compatible for Editor in 6.73 ms, found 4 plugins.
Preloading 0 native plugins for Editor in 0.00 ms.
Unloading 4128 Unused Serialized files (Serialized files now loaded: 0)
Unloading 27 unused Assets / (34.4 KB). Loaded Objects now: 4719.
Memory consumption went from 162.2 MB to 162.2 MB.
Total: 3.776100 ms (FindLiveObjects: 0.261800 ms CreateObjectMapping: 0.156700 ms MarkObjects: 3.227100 ms  DeleteObjects: 0.129000 ms)

Prepare: number of updated asset objects reloaded= 0
AssetImportParameters requested are different than current active one (requested -> active):
  custom:container-demuxer-ogg: 62fdf1f143b41e24485cea50d1cbac27 -> 
  custom:video-codec-MediaFoundation-h265: 746d11721c4dcdbdad8f713fa42b33f4 -> 
  custom:video-decoder-ogg-theora: a1e56fd34408186e4bbccfd4996cb3dc -> 
  custom:framework-win-MediaFoundation: 216162199b28c13a410421893ffa2e32 -> 
  custom:CustomObjectIndexerAttribute: 9a22284fe3817be447336de3de66b15e -> 
  custom:container-demuxer-webm: 4f35f7cbe854078d1ac9338744f61a02 -> 
  custom:container-muxer-webm: aa71ff27fc2769a1b78a27578f13a17b -> 
  custom:video-decoder-webm-vp8: 9c59270c3fd7afecdb556c50c9e8de78 -> 
  custom:SearchIndexIgnoredProperties: e643bd26f0fe6173181afceb89e7c659 -> 
  custom:AudioImporter_EditorPlatform: d09bf68614088b80899f8185d706f6e7 -> 
  custom:video-encoder-webm-vp8: eb34c28f22e8b96e1ab97ce403110664 -> 
  custom:audio-decoder-ogg-vorbis: bf7c407c2cedff20999df2af8eb42d56 -> 
  custom:audio-encoder-webm-vorbis: bf7c407c2cedff20999df2af8eb42d56 -> 
========================================================================
Received Prepare
Caller must complete domain reload
Begin MonoManager ReloadAssembly
- Loaded All Assemblies, in  0.406 seconds
Native extension for WindowsStandalone target not found
Native extension for WebGL target not found
Mono: successfully reloaded assembly
- Finished resetting the current domain, in  0.903 seconds
Domain Reload Profiling: 1307ms
	BeginReloadAssembly (142ms)
		ExecutionOrderSort (0ms)
		DisableScriptedObjects (8ms)
		BackupInstance (0ms)
		ReleaseScriptingObjects (0ms)
		CreateAndSetChildDomain (27ms)
	RebuildCommonClasses (29ms)
	RebuildNativeTypeToScriptingClass (7ms)
	initialDomainReloadingComplete (26ms)
	LoadAllAssembliesAndSetupDomain (198ms)
		LoadAssemblies (260ms)
		RebuildTransferFunctionScriptingTraits (0ms)
		AnalyzeDomain (15ms)
			TypeCache.Refresh (6ms)
				TypeCache.ScanAssembly (0ms)
			ScanForSourceGeneratedMonoScriptInfo (0ms)
			ResolveRequiredComponents (7ms)
	FinalizeReload (904ms)
		ReleaseScriptCaches (0ms)
		RebuildScriptCaches (0ms)
		SetupLoadedEditorAssemblies (373ms)
			LogAssemblyErrors (0ms)
			InitializePlatformSupportModulesInManaged (6ms)
			SetLoadedEditorAssemblies (4ms)
			RefreshPlugins (0ms)
			BeforeProcessingInitializeOnLoad (67ms)
			ProcessInitializeOnLoadAttributes (264ms)
			ProcessInitializeOnLoadMethodAttributes (26ms)
			AfterProcessingInitializeOnLoad (6ms)
			EditorAssembliesLoaded (0ms)
		ExecutionOrderSort2 (0ms)
		AwakeInstancesAfterBackupRestoration (11ms)
Refreshing native plugins compatible for Editor in 7.45 ms, found 4 plugins.
Preloading 0 native plugins for Editor in 0.00 ms.
Unloading 4129 Unused Serialized files (Serialized files now loaded: 0)
Unloading 20 unused Assets / (31.7 KB). Loaded Objects now: 4723.
Memory consumption went from 162.4 MB to 162.4 MB.
Total: 3.144800 ms (FindLiveObjects: 0.267400 ms CreateObjectMapping: 0.128500 ms MarkObjects: 2.660600 ms  DeleteObjects: 0.087100 ms)

Prepare: number of updated asset objects reloaded= 0
AssetImportParameters requested are different than current active one (requested -> active):
  custom:container-demuxer-ogg: 62fdf1f143b41e24485cea50d1cbac27 -> 
  custom:video-codec-MediaFoundation-h265: 746d11721c4dcdbdad8f713fa42b33f4 -> 
  custom:video-decoder-ogg-theora: a1e56fd34408186e4bbccfd4996cb3dc -> 
  custom:framework-win-MediaFoundation: 216162199b28c13a410421893ffa2e32 -> 
  custom:CustomObjectIndexerAttribute: 9a22284fe3817be447336de3de66b15e -> 
  custom:container-demuxer-webm: 4f35f7cbe854078d1ac9338744f61a02 -> 
  custom:container-muxer-webm: aa71ff27fc2769a1b78a27578f13a17b -> 
  custom:video-decoder-webm-vp8: 9c59270c3fd7afecdb556c50c9e8de78 -> 
  custom:SearchIndexIgnoredProperties: e643bd26f0fe6173181afceb89e7c659 -> 
  custom:AudioImporter_EditorPlatform: d09bf68614088b80899f8185d706f6e7 -> 
  custom:video-encoder-webm-vp8: eb34c28f22e8b96e1ab97ce403110664 -> 
  custom:audio-decoder-ogg-vorbis: bf7c407c2cedff20999df2af8eb42d56 -> 
  custom:audio-encoder-webm-vorbis: bf7c407c2cedff20999df2af8eb42d56 -> 
========================================================================
Received Prepare
Caller must complete domain reload
Begin MonoManager ReloadAssembly
- Loaded All Assemblies, in  0.396 seconds
Native extension for WindowsStandalone target not found
Native extension for WebGL target not found
Mono: successfully reloaded assembly
- Finished resetting the current domain, in  0.908 seconds
Domain Reload Profiling: 1301ms
	BeginReloadAssembly (135ms)
		ExecutionOrderSort (0ms)
		DisableScriptedObjects (8ms)
		BackupInstance (0ms)
		ReleaseScriptingObjects (0ms)
		CreateAndSetChildDomain (27ms)
	RebuildCommonClasses (24ms)
	RebuildNativeTypeToScriptingClass (8ms)
	initialDomainReloadingComplete (24ms)
	LoadAllAssembliesAndSetupDomain (202ms)
		LoadAssemblies (263ms)
		RebuildTransferFunctionScriptingTraits (0ms)
		AnalyzeDomain (12ms)
			TypeCache.Refresh (5ms)
				TypeCache.ScanAssembly (0ms)
			ScanForSourceGeneratedMonoScriptInfo (0ms)
			ResolveRequiredComponents (5ms)
	FinalizeReload (909ms)
		ReleaseScriptCaches (0ms)
		RebuildScriptCaches (0ms)
		SetupLoadedEditorAssemblies (366ms)
			LogAssemblyErrors (0ms)
			InitializePlatformSupportModulesInManaged (6ms)
			SetLoadedEditorAssemblies (4ms)
			RefreshPlugins (0ms)
			BeforeProcessingInitializeOnLoad (67ms)
			ProcessInitializeOnLoadAttributes (257ms)
			ProcessInitializeOnLoadMethodAttributes (26ms)
			AfterProcessingInitializeOnLoad (6ms)
			EditorAssembliesLoaded (0ms)
		ExecutionOrderSort2 (0ms)
		AwakeInstancesAfterBackupRestoration (10ms)
Refreshing native plugins compatible for Editor in 8.29 ms, found 4 plugins.
Preloading 0 native plugins for Editor in 0.00 ms.
Unloading 4129 Unused Serialized files (Serialized files now loaded: 0)
Unloading 20 unused Assets / (31.8 KB). Loaded Objects now: 4727.
Memory consumption went from 162.4 MB to 162.4 MB.
Total: 4.190900 ms (FindLiveObjects: 0.274200 ms CreateObjectMapping: 0.242300 ms MarkObjects: 3.613500 ms  DeleteObjects: 0.059300 ms)

Prepare: number of updated asset objects reloaded= 0
AssetImportParameters requested are different than current active one (requested -> active):
  custom:container-demuxer-ogg: 62fdf1f143b41e24485cea50d1cbac27 -> 
  custom:video-codec-MediaFoundation-h265: 746d11721c4dcdbdad8f713fa42b33f4 -> 
  custom:video-decoder-ogg-theora: a1e56fd34408186e4bbccfd4996cb3dc -> 
  custom:framework-win-MediaFoundation: 216162199b28c13a410421893ffa2e32 -> 
  custom:CustomObjectIndexerAttribute: 9a22284fe3817be447336de3de66b15e -> 
  custom:container-demuxer-webm: 4f35f7cbe854078d1ac9338744f61a02 -> 
  custom:container-muxer-webm: aa71ff27fc2769a1b78a27578f13a17b -> 
  custom:video-decoder-webm-vp8: 9c59270c3fd7afecdb556c50c9e8de78 -> 
  custom:SearchIndexIgnoredProperties: e643bd26f0fe6173181afceb89e7c659 -> 
  custom:AudioImporter_EditorPlatform: d09bf68614088b80899f8185d706f6e7 -> 
  custom:video-encoder-webm-vp8: eb34c28f22e8b96e1ab97ce403110664 -> 
  custom:audio-decoder-ogg-vorbis: bf7c407c2cedff20999df2af8eb42d56 -> 
  custom:audio-encoder-webm-vorbis: bf7c407c2cedff20999df2af8eb42d56 -> 
========================================================================
Received Prepare
Caller must complete domain reload
Begin MonoManager ReloadAssembly
- Loaded All Assemblies, in  0.382 seconds
Native extension for WindowsStandalone target not found
Native extension for WebGL target not found
Mono: successfully reloaded assembly
- Finished resetting the current domain, in  0.902 seconds
Domain Reload Profiling: 1281ms
	BeginReloadAssembly (130ms)
		ExecutionOrderSort (0ms)
		DisableScriptedObjects (9ms)
		BackupInstance (0ms)
		ReleaseScriptingObjects (0ms)
		CreateAndSetChildDomain (24ms)
	RebuildCommonClasses (27ms)
	RebuildNativeTypeToScriptingClass (7ms)
	initialDomainReloadingComplete (25ms)
	LoadAllAssembliesAndSetupDomain (189ms)
		LoadAssemblies (245ms)
		RebuildTransferFunctionScriptingTraits (0ms)
		AnalyzeDomain (12ms)
			TypeCache.Refresh (6ms)
				TypeCache.ScanAssembly (0ms)
			ScanForSourceGeneratedMonoScriptInfo (0ms)
			ResolveRequiredComponents (5ms)
	FinalizeReload (902ms)
		ReleaseScriptCaches (0ms)
		RebuildScriptCaches (0ms)
		SetupLoadedEditorAssemblies (375ms)
			LogAssemblyErrors (0ms)
			InitializePlatformSupportModulesInManaged (7ms)
			SetLoadedEditorAssemblies (4ms)
			RefreshPlugins (0ms)
			BeforeProcessingInitializeOnLoad (65ms)
			ProcessInitializeOnLoadAttributes (265ms)
			ProcessInitializeOnLoadMethodAttributes (28ms)
			AfterProcessingInitializeOnLoad (6ms)
			EditorAssembliesLoaded (0ms)
		ExecutionOrderSort2 (0ms)
		AwakeInstancesAfterBackupRestoration (10ms)
Refreshing native plugins compatible for Editor in 8.51 ms, found 4 plugins.
Preloading 0 native plugins for Editor in 0.00 ms.
Unloading 4129 Unused Serialized files (Serialized files now loaded: 0)
Unloading 20 unused Assets / (32.4 KB). Loaded Objects now: 4731.
Memory consumption went from 162.4 MB to 162.4 MB.
Total: 3.707100 ms (FindLiveObjects: 0.348000 ms CreateObjectMapping: 0.159100 ms MarkObjects: 3.129500 ms  DeleteObjects: 0.069400 ms)

Prepare: number of updated asset objects reloaded= 0
AssetImportParameters requested are different than current active one (requested -> active):
  custom:container-demuxer-ogg: 62fdf1f143b41e24485cea50d1cbac27 -> 
  custom:video-codec-MediaFoundation-h265: 746d11721c4dcdbdad8f713fa42b33f4 -> 
  custom:video-decoder-ogg-theora: a1e56fd34408186e4bbccfd4996cb3dc -> 
  custom:framework-win-MediaFoundation: 216162199b28c13a410421893ffa2e32 -> 
  custom:CustomObjectIndexerAttribute: 9a22284fe3817be447336de3de66b15e -> 
  custom:container-demuxer-webm: 4f35f7cbe854078d1ac9338744f61a02 -> 
  custom:container-muxer-webm: aa71ff27fc2769a1b78a27578f13a17b -> 
  custom:video-decoder-webm-vp8: 9c59270c3fd7afecdb556c50c9e8de78 -> 
  custom:SearchIndexIgnoredProperties: e643bd26f0fe6173181afceb89e7c659 -> 
  custom:AudioImporter_EditorPlatform: d09bf68614088b80899f8185d706f6e7 -> 
  custom:video-encoder-webm-vp8: eb34c28f22e8b96e1ab97ce403110664 -> 
  custom:audio-decoder-ogg-vorbis: bf7c407c2cedff20999df2af8eb42d56 -> 
  custom:audio-encoder-webm-vorbis: bf7c407c2cedff20999df2af8eb42d56 -> 
========================================================================
Received Import Request.
  Time since last request: 140.164817 seconds.
  path: Assets/Prefabs/PlayerUI.prefab
  artifactKey: Guid(5ea641da15d19c54f9b517eea4ad8fcf) Importer(815301076,1909f56bfc062723c751e8b465ee728b)
Start importing Assets/Prefabs/PlayerUI.prefab using Guid(5ea641da15d19c54f9b517eea4ad8fcf) Importer(815301076,1909f56bfc062723c751e8b465ee728b) [PhysX] Initialized MultithreadedTaskDispatcher with 16 workers.
 -> (artifact id: '8cf23d69959df908a068adfaf65260d2') in 0.057578 seconds
Number of updated asset objects reloaded before import = 0
Number of asset objects unloaded after import = 311
========================================================================
Received Prepare
Caller must complete domain reload
Begin MonoManager ReloadAssembly
- Loaded All Assemblies, in  0.422 seconds
Native extension for WindowsStandalone target not found
Native extension for WebGL target not found
Mono: successfully reloaded assembly
- Finished resetting the current domain, in  0.926 seconds
Domain Reload Profiling: 1345ms
	BeginReloadAssembly (164ms)
		ExecutionOrderSort (0ms)
		DisableScriptedObjects (8ms)
		BackupInstance (0ms)
		ReleaseScriptingObjects (0ms)
		CreateAndSetChildDomain (36ms)
	RebuildCommonClasses (23ms)
	RebuildNativeTypeToScriptingClass (8ms)
	initialDomainReloadingComplete (23ms)
	LoadAllAssembliesAndSetupDomain (202ms)
		LoadAssemblies (278ms)
		RebuildTransferFunctionScriptingTraits (0ms)
		AnalyzeDomain (13ms)
			TypeCache.Refresh (7ms)
				TypeCache.ScanAssembly (0ms)
			ScanForSourceGeneratedMonoScriptInfo (0ms)
			ResolveRequiredComponents (4ms)
	FinalizeReload (926ms)
		ReleaseScriptCaches (0ms)
		RebuildScriptCaches (0ms)
		SetupLoadedEditorAssemblies (375ms)
			LogAssemblyErrors (0ms)
			InitializePlatformSupportModulesInManaged (7ms)
			SetLoadedEditorAssemblies (4ms)
			RefreshPlugins (0ms)
			BeforeProcessingInitializeOnLoad (66ms)
			ProcessInitializeOnLoadAttributes (263ms)
			ProcessInitializeOnLoadMethodAttributes (29ms)
			AfterProcessingInitializeOnLoad (6ms)
			EditorAssembliesLoaded (0ms)
		ExecutionOrderSort2 (0ms)
		AwakeInstancesAfterBackupRestoration (12ms)
Refreshing native plugins compatible for Editor in 7.36 ms, found 4 plugins.
Preloading 0 native plugins for Editor in 0.00 ms.
Unloading 4128 Unused Serialized files (Serialized files now loaded: 0)
Unloading 22 unused Assets / (33.2 KB). Loaded Objects now: 4735.
Memory consumption went from 162.1 MB to 162.1 MB.
Total: 3.532100 ms (FindLiveObjects: 0.282700 ms CreateObjectMapping: 0.131900 ms MarkObjects: 3.053600 ms  DeleteObjects: 0.062300 ms)

Prepare: number of updated asset objects reloaded= 0
AssetImportParameters requested are different than current active one (requested -> active):
  custom:container-demuxer-ogg: 62fdf1f143b41e24485cea50d1cbac27 -> 
  custom:video-codec-MediaFoundation-h265: 746d11721c4dcdbdad8f713fa42b33f4 -> 
  custom:video-decoder-ogg-theora: a1e56fd34408186e4bbccfd4996cb3dc -> 
  custom:framework-win-MediaFoundation: 216162199b28c13a410421893ffa2e32 -> 
  custom:CustomObjectIndexerAttribute: 9a22284fe3817be447336de3de66b15e -> 
  custom:container-demuxer-webm: 4f35f7cbe854078d1ac9338744f61a02 -> 
  custom:container-muxer-webm: aa71ff27fc2769a1b78a27578f13a17b -> 
  custom:video-decoder-webm-vp8: 9c59270c3fd7afecdb556c50c9e8de78 -> 
  custom:SearchIndexIgnoredProperties: e643bd26f0fe6173181afceb89e7c659 -> 
  custom:AudioImporter_EditorPlatform: d09bf68614088b80899f8185d706f6e7 -> 
  custom:video-encoder-webm-vp8: eb34c28f22e8b96e1ab97ce403110664 -> 
  custom:audio-decoder-ogg-vorbis: bf7c407c2cedff20999df2af8eb42d56 -> 
  custom:audio-encoder-webm-vorbis: bf7c407c2cedff20999df2af8eb42d56 -> 
========================================================================
Received Prepare
Caller must complete domain reload
Begin MonoManager ReloadAssembly
- Loaded All Assemblies, in  0.399 seconds
Native extension for WindowsStandalone target not found
Native extension for WebGL target not found
Mono: successfully reloaded assembly
- Finished resetting the current domain, in  0.923 seconds
Domain Reload Profiling: 1319ms
	BeginReloadAssembly (137ms)
		ExecutionOrderSort (0ms)
		DisableScriptedObjects (8ms)
		BackupInstance (0ms)
		ReleaseScriptingObjects (0ms)
		CreateAndSetChildDomain (26ms)
	RebuildCommonClasses (22ms)
	RebuildNativeTypeToScriptingClass (8ms)
	initialDomainReloadingComplete (23ms)
	LoadAllAssembliesAndSetupDomain (206ms)
		LoadAssemblies (270ms)
		RebuildTransferFunctionScriptingTraits (0ms)
		AnalyzeDomain (12ms)
			TypeCache.Refresh (5ms)
				TypeCache.ScanAssembly (0ms)
			ScanForSourceGeneratedMonoScriptInfo (0ms)
			ResolveRequiredComponents (5ms)
	FinalizeReload (923ms)
		ReleaseScriptCaches (0ms)
		RebuildScriptCaches (0ms)
		SetupLoadedEditorAssemblies (377ms)
			LogAssemblyErrors (0ms)
			InitializePlatformSupportModulesInManaged (7ms)
			SetLoadedEditorAssemblies (4ms)
			RefreshPlugins (0ms)
			BeforeProcessingInitializeOnLoad (68ms)
			ProcessInitializeOnLoadAttributes (263ms)
			ProcessInitializeOnLoadMethodAttributes (29ms)
			AfterProcessingInitializeOnLoad (6ms)
			EditorAssembliesLoaded (0ms)
		ExecutionOrderSort2 (0ms)
		AwakeInstancesAfterBackupRestoration (13ms)
Refreshing native plugins compatible for Editor in 7.73 ms, found 4 plugins.
Preloading 0 native plugins for Editor in 0.00 ms.
Unloading 4129 Unused Serialized files (Serialized files now loaded: 0)
Unloading 20 unused Assets / (31.7 KB). Loaded Objects now: 4739.
Memory consumption went from 162.4 MB to 162.4 MB.
Total: 4.065600 ms (FindLiveObjects: 0.558100 ms CreateObjectMapping: 0.168600 ms MarkObjects: 3.276500 ms  DeleteObjects: 0.061300 ms)

Prepare: number of updated asset objects reloaded= 0
AssetImportParameters requested are different than current active one (requested -> active):
  custom:container-demuxer-ogg: 62fdf1f143b41e24485cea50d1cbac27 -> 
  custom:video-codec-MediaFoundation-h265: 746d11721c4dcdbdad8f713fa42b33f4 -> 
  custom:video-decoder-ogg-theora: a1e56fd34408186e4bbccfd4996cb3dc -> 
  custom:framework-win-MediaFoundation: 216162199b28c13a410421893ffa2e32 -> 
  custom:CustomObjectIndexerAttribute: 9a22284fe3817be447336de3de66b15e -> 
  custom:container-demuxer-webm: 4f35f7cbe854078d1ac9338744f61a02 -> 
  custom:container-muxer-webm: aa71ff27fc2769a1b78a27578f13a17b -> 
  custom:video-decoder-webm-vp8: 9c59270c3fd7afecdb556c50c9e8de78 -> 
  custom:SearchIndexIgnoredProperties: e643bd26f0fe6173181afceb89e7c659 -> 
  custom:AudioImporter_EditorPlatform: d09bf68614088b80899f8185d706f6e7 -> 
  custom:video-encoder-webm-vp8: eb34c28f22e8b96e1ab97ce403110664 -> 
  custom:audio-decoder-ogg-vorbis: bf7c407c2cedff20999df2af8eb42d56 -> 
  custom:audio-encoder-webm-vorbis: bf7c407c2cedff20999df2af8eb42d56 -> 
========================================================================
Received Import Request.
  Time since last request: 73.413768 seconds.
  path: Assets/Scenes/Basic Scene.scenetemplate
  artifactKey: Guid(53000055ed4402440aa71c7019eaaaf9) Importer(815301076,1909f56bfc062723c751e8b465ee728b)
Start importing Assets/Scenes/Basic Scene.scenetemplate using Guid(53000055ed4402440aa71c7019eaaaf9) Importer(815301076,1909f56bfc062723c751e8b465ee728b) [PhysX] Initialized MultithreadedTaskDispatcher with 16 workers.
Calls to "AssetDatabase.SaveAssets" are restricted during asset importing. 
UnityEngine.StackTraceUtility:ExtractStackTrace ()
UnityEditor.SceneTemplate.SceneTemplateAsset:UpdateDependencies ()
UnityEditor.SceneTemplate.SceneTemplateAssetInspectorWindow:UpdateSceneTemplateAsset ()
UnityEditor.SceneTemplate.SceneTemplateAssetInspectorWindow:OnEnable ()
UnityEditor.Editor:CreateEditorWithContext (UnityEngine.Object[],UnityEngine.Object,System.Type)
UnityEditor.Editor:CreateEditor (UnityEngine.Object,System.Type)
UnityEditor.Editor:CreateEditor (UnityEngine.Object)
UnityEditor.AssetPreviewUpdater:CreatePreview (UnityEngine.Object,UnityEngine.Object[],string,int,int)
UnityEditor.AssetPreviewUpdater:CreatePreviewForAsset (UnityEngine.Object,UnityEngine.Object[],string)

[C:\build\output\unity\unity\Modules\AssetDatabase\Editor\Public\AssetDatabasePreventExecution.cpp line 39]

UnityException: Calls to "AssetDatabase.SaveAssets" are restricted during asset importing. 
  at (wrapper managed-to-native) UnityEditor.AssetDatabase.SaveAssets()
  at UnityEditor.SceneTemplate.SceneTemplateAsset.UpdateDependencies () [0x00109] in <8bf34f793fd9440f9c8eb0dda774d246>:0 
  at UnityEditor.SceneTemplate.SceneTemplateAssetInspectorWindow.UpdateSceneTemplateAsset () [0x00012] in <8bf34f793fd9440f9c8eb0dda774d246>:0 
  at UnityEditor.SceneTemplate.SceneTemplateAssetInspectorWindow.OnEnable () [0x00011] in <8bf34f793fd9440f9c8eb0dda774d246>:0 
UnityEditor.Editor:CreateEditorWithContextInternal(Object[], Object, Type)
UnityEditor.Editor:CreateEditorWithContext(Object[], Object, Type)
UnityEditor.Editor:CreateEditor(Object, Type)
UnityEditor.Editor:CreateEditor(Object)
UnityEditor.AssetPreviewUpdater:CreatePreview(Object, Object[], String, Int32, Int32)
UnityEditor.AssetPreviewUpdater:CreatePreviewForAsset(Object, Object[], String)

[PhysX] Initialized MultithreadedTaskDispatcher with 16 workers.
 -> (artifact id: 'a5dc89a5ce1e90e8b0016d4db5746c75') in 0.273151 seconds
Number of updated asset objects reloaded before import = 0
Number of asset objects unloaded after import = 535
========================================================================
Received Import Request.
  Time since last request: 7.480106 seconds.
  path: Assets/Scenes/LevelSelectStart.unity
  artifactKey: Guid(f9b65ea677ddff342897d98b8394ef76) Importer(815301076,1909f56bfc062723c751e8b465ee728b)
Start importing Assets/Scenes/LevelSelectStart.unity using Guid(f9b65ea677ddff342897d98b8394ef76) Importer(815301076,1909f56bfc062723c751e8b465ee728b) [PhysX] Initialized MultithreadedTaskDispatcher with 16 workers.
 -> (artifact id: '42fb2fae80dcfde310896045392f6330') in 0.000859 seconds
Number of updated asset objects reloaded before import = 0
Number of asset objects unloaded after import = 0
========================================================================
Received Prepare
Caller must complete domain reload
Begin MonoManager ReloadAssembly
- Loaded All Assemblies, in  0.437 seconds
Native extension for WindowsStandalone target not found
Native extension for WebGL target not found
Mono: successfully reloaded assembly
- Finished resetting the current domain, in  0.945 seconds
Domain Reload Profiling: 1379ms
	BeginReloadAssembly (180ms)
		ExecutionOrderSort (0ms)
		DisableScriptedObjects (8ms)
		BackupInstance (0ms)
		ReleaseScriptingObjects (0ms)
		CreateAndSetChildDomain (37ms)
	RebuildCommonClasses (29ms)
	RebuildNativeTypeToScriptingClass (8ms)
	initialDomainReloadingComplete (23ms)
	LoadAllAssembliesAndSetupDomain (193ms)
		LoadAssemblies (285ms)
		RebuildTransferFunctionScriptingTraits (0ms)
		AnalyzeDomain (14ms)
			TypeCache.Refresh (6ms)
				TypeCache.ScanAssembly (0ms)
			ScanForSourceGeneratedMonoScriptInfo (0ms)
			ResolveRequiredComponents (6ms)
	FinalizeReload (946ms)
		ReleaseScriptCaches (0ms)
		RebuildScriptCaches (0ms)
		SetupLoadedEditorAssemblies (375ms)
			LogAssemblyErrors (0ms)
			InitializePlatformSupportModulesInManaged (7ms)
			SetLoadedEditorAssemblies (4ms)
			RefreshPlugins (0ms)
			BeforeProcessingInitializeOnLoad (66ms)
			ProcessInitializeOnLoadAttributes (265ms)
			ProcessInitializeOnLoadMethodAttributes (27ms)
			AfterProcessingInitializeOnLoad (5ms)
			EditorAssembliesLoaded (0ms)
		ExecutionOrderSort2 (0ms)
		AwakeInstancesAfterBackupRestoration (11ms)
Refreshing native plugins compatible for Editor in 8.38 ms, found 4 plugins.
Preloading 0 native plugins for Editor in 0.00 ms.
Unloading 4128 Unused Serialized files (Serialized files now loaded: 0)
Unloading 27 unused Assets / (34.6 KB). Loaded Objects now: 4743.
Memory consumption went from 162.2 MB to 162.2 MB.
Total: 4.040500 ms (FindLiveObjects: 0.385100 ms CreateObjectMapping: 0.233500 ms MarkObjects: 3.255800 ms  DeleteObjects: 0.164600 ms)

Prepare: number of updated asset objects reloaded= 0
AssetImportParameters requested are different than current active one (requested -> active):
  custom:container-demuxer-ogg: 62fdf1f143b41e24485cea50d1cbac27 -> 
  custom:video-codec-MediaFoundation-h265: 746d11721c4dcdbdad8f713fa42b33f4 -> 
  custom:video-decoder-ogg-theora: a1e56fd34408186e4bbccfd4996cb3dc -> 
  custom:framework-win-MediaFoundation: 216162199b28c13a410421893ffa2e32 -> 
  custom:CustomObjectIndexerAttribute: 9a22284fe3817be447336de3de66b15e -> 
  custom:container-demuxer-webm: 4f35f7cbe854078d1ac9338744f61a02 -> 
  custom:container-muxer-webm: aa71ff27fc2769a1b78a27578f13a17b -> 
  custom:video-decoder-webm-vp8: 9c59270c3fd7afecdb556c50c9e8de78 -> 
  custom:SearchIndexIgnoredProperties: e643bd26f0fe6173181afceb89e7c659 -> 
  custom:AudioImporter_EditorPlatform: d09bf68614088b80899f8185d706f6e7 -> 
  custom:video-encoder-webm-vp8: eb34c28f22e8b96e1ab97ce403110664 -> 
  custom:audio-decoder-ogg-vorbis: bf7c407c2cedff20999df2af8eb42d56 -> 
  custom:audio-encoder-webm-vorbis: bf7c407c2cedff20999df2af8eb42d56 -> 
========================================================================
Received Import Request.
  Time since last request: 27.262860 seconds.
  path: Assets/Scenes/Detonator Level.unity
  artifactKey: Guid(539ee083382a48046bab750bfeae415d) Importer(815301076,1909f56bfc062723c751e8b465ee728b)
Start importing Assets/Scenes/Detonator Level.unity using Guid(539ee083382a48046bab750bfeae415d) Importer(815301076,1909f56bfc062723c751e8b465ee728b) [PhysX] Initialized MultithreadedTaskDispatcher with 16 workers.
 -> (artifact id: '070af0561230e6f88b88e595de66cbcd') in 0.003266 seconds
Number of updated asset objects reloaded before import = 0
Number of asset objects unloaded after import = 0
========================================================================
Received Prepare
Caller must complete domain reload
Begin MonoManager ReloadAssembly
- Loaded All Assemblies, in  0.459 seconds
Native extension for WindowsStandalone target not found
Native extension for WebGL target not found
Mono: successfully reloaded assembly
- Finished resetting the current domain, in  1.065 seconds
Domain Reload Profiling: 1517ms
	BeginReloadAssembly (143ms)
		ExecutionOrderSort (0ms)
		DisableScriptedObjects (10ms)
		BackupInstance (0ms)
		ReleaseScriptingObjects (0ms)
		CreateAndSetChildDomain (29ms)
	RebuildCommonClasses (31ms)
	RebuildNativeTypeToScriptingClass (9ms)
	initialDomainReloadingComplete (30ms)
	LoadAllAssembliesAndSetupDomain (239ms)
		LoadAssemblies (286ms)
		RebuildTransferFunctionScriptingTraits (0ms)
		AnalyzeDomain (25ms)
			TypeCache.Refresh (9ms)
				TypeCache.ScanAssembly (0ms)
			ScanForSourceGeneratedMonoScriptInfo (9ms)
			ResolveRequiredComponents (5ms)
	FinalizeReload (1065ms)
		ReleaseScriptCaches (0ms)
		RebuildScriptCaches (0ms)
		SetupLoadedEditorAssemblies (401ms)
			LogAssemblyErrors (0ms)
			InitializePlatformSupportModulesInManaged (7ms)
			SetLoadedEditorAssemblies (4ms)
			RefreshPlugins (0ms)
			BeforeProcessingInitializeOnLoad (69ms)
			ProcessInitializeOnLoadAttributes (288ms)
			ProcessInitializeOnLoadMethodAttributes (27ms)
			AfterProcessingInitializeOnLoad (6ms)
			EditorAssembliesLoaded (0ms)
		ExecutionOrderSort2 (0ms)
		AwakeInstancesAfterBackupRestoration (12ms)
Refreshing native plugins compatible for Editor in 7.89 ms, found 4 plugins.
Preloading 0 native plugins for Editor in 0.00 ms.
Unloading 4128 Unused Serialized files (Serialized files now loaded: 0)
Unloading 20 unused Assets / (31.8 KB). Loaded Objects now: 4747.
Memory consumption went from 162.1 MB to 162.1 MB.
Total: 4.013700 ms (FindLiveObjects: 0.294000 ms CreateObjectMapping: 0.163000 ms MarkObjects: 3.478200 ms  DeleteObjects: 0.075600 ms)

Prepare: number of updated asset objects reloaded= 0
AssetImportParameters requested are different than current active one (requested -> active):
  custom:container-demuxer-ogg: 62fdf1f143b41e24485cea50d1cbac27 -> 
  custom:video-codec-MediaFoundation-h265: 746d11721c4dcdbdad8f713fa42b33f4 -> 
  custom:video-decoder-ogg-theora: a1e56fd34408186e4bbccfd4996cb3dc -> 
  custom:framework-win-MediaFoundation: 216162199b28c13a410421893ffa2e32 -> 
  custom:CustomObjectIndexerAttribute: 9a22284fe3817be447336de3de66b15e -> 
  custom:container-demuxer-webm: 4f35f7cbe854078d1ac9338744f61a02 -> 
  custom:container-muxer-webm: aa71ff27fc2769a1b78a27578f13a17b -> 
  custom:video-decoder-webm-vp8: 9c59270c3fd7afecdb556c50c9e8de78 -> 
  custom:SearchIndexIgnoredProperties: e643bd26f0fe6173181afceb89e7c659 -> 
  custom:AudioImporter_EditorPlatform: d09bf68614088b80899f8185d706f6e7 -> 
  custom:video-encoder-webm-vp8: eb34c28f22e8b96e1ab97ce403110664 -> 
  custom:audio-decoder-ogg-vorbis: bf7c407c2cedff20999df2af8eb42d56 -> 
  custom:audio-encoder-webm-vorbis: bf7c407c2cedff20999df2af8eb42d56 -> 
========================================================================
Received Import Request.
  Time since last request: 70.238111 seconds.
  path: Assets/Prefabs/PlayerUI.prefab
  artifactKey: Guid(5ea641da15d19c54f9b517eea4ad8fcf) Importer(815301076,1909f56bfc062723c751e8b465ee728b)
Start importing Assets/Prefabs/PlayerUI.prefab using Guid(5ea641da15d19c54f9b517eea4ad8fcf) Importer(815301076,1909f56bfc062723c751e8b465ee728b) [PhysX] Initialized MultithreadedTaskDispatcher with 16 workers.
 -> (artifact id: 'a45671c4c22e7373ea0a79a8b6d78683') in 0.089115 seconds
Number of updated asset objects reloaded before import = 0
Number of asset objects unloaded after import = 311
========================================================================
Received Import Request.
  Time since last request: 1.753296 seconds.
  path: Assets/Prefabs/PlayerUI.prefab
  artifactKey: Guid(5ea641da15d19c54f9b517eea4ad8fcf) Importer(815301076,1909f56bfc062723c751e8b465ee728b)
Start importing Assets/Prefabs/PlayerUI.prefab using Guid(5ea641da15d19c54f9b517eea4ad8fcf) Importer(815301076,1909f56bfc062723c751e8b465ee728b) [PhysX] Initialized MultithreadedTaskDispatcher with 16 workers.
 -> (artifact id: '250bc7810f23c598e19caf3ea2abc6ae') in 0.021323 seconds
Number of updated asset objects reloaded before import = 0
Number of asset objects unloaded after import = 311
========================================================================
Received Import Request.
  Time since last request: 8.031592 seconds.
  path: Assets/Prefabs/PlayerUI.prefab
  artifactKey: Guid(5ea641da15d19c54f9b517eea4ad8fcf) Importer(815301076,1909f56bfc062723c751e8b465ee728b)
Start importing Assets/Prefabs/PlayerUI.prefab using Guid(5ea641da15d19c54f9b517eea4ad8fcf) Importer(815301076,1909f56bfc062723c751e8b465ee728b) [PhysX] Initialized MultithreadedTaskDispatcher with 16 workers.
 -> (artifact id: '63a4b04e4bdd314791984186ce0e4fbd') in 0.055051 seconds
Number of updated asset objects reloaded before import = 0
Number of asset objects unloaded after import = 311
========================================================================
Received Import Request.
  Time since last request: 3.000980 seconds.
  path: Assets/Prefabs/PlayerUI.prefab
  artifactKey: Guid(5ea641da15d19c54f9b517eea4ad8fcf) Importer(815301076,1909f56bfc062723c751e8b465ee728b)
Start importing Assets/Prefabs/PlayerUI.prefab using Guid(5ea641da15d19c54f9b517eea4ad8fcf) Importer(815301076,1909f56bfc062723c751e8b465ee728b) [PhysX] Initialized MultithreadedTaskDispatcher with 16 workers.
 -> (artifact id: 'c9478068352278c36d79947104aa3c3a') in 0.019671 seconds
Number of updated asset objects reloaded before import = 0
Number of asset objects unloaded after import = 328
========================================================================
Received Import Request.
  Time since last request: 1.723649 seconds.
  path: Assets/Prefabs/PlayerUI.prefab
  artifactKey: Guid(5ea641da15d19c54f9b517eea4ad8fcf) Importer(815301076,1909f56bfc062723c751e8b465ee728b)
Start importing Assets/Prefabs/PlayerUI.prefab using Guid(5ea641da15d19c54f9b517eea4ad8fcf) Importer(815301076,1909f56bfc062723c751e8b465ee728b) [PhysX] Initialized MultithreadedTaskDispatcher with 16 workers.
 -> (artifact id: 'ecafdbe69ed58918a52201505d8648c8') in 0.020510 seconds
Number of updated asset objects reloaded before import = 0
Number of asset objects unloaded after import = 328
========================================================================
Received Import Request.
  Time since last request: 5.484792 seconds.
  path: Assets/Prefabs/PlayerUI.prefab
  artifactKey: Guid(5ea641da15d19c54f9b517eea4ad8fcf) Importer(815301076,1909f56bfc062723c751e8b465ee728b)
Start importing Assets/Prefabs/PlayerUI.prefab using Guid(5ea641da15d19c54f9b517eea4ad8fcf) Importer(815301076,1909f56bfc062723c751e8b465ee728b) [PhysX] Initialized MultithreadedTaskDispatcher with 16 workers.
 -> (artifact id: '4080afef3cefadcdd1757318993e3a37') in 0.020208 seconds
Number of updated asset objects reloaded before import = 0
Number of asset objects unloaded after import = 328
========================================================================
Received Import Request.
  Time since last request: 20.091644 seconds.
  path: Assets/Prefabs/PlayerUI.prefab
  artifactKey: Guid(5ea641da15d19c54f9b517eea4ad8fcf) Importer(815301076,1909f56bfc062723c751e8b465ee728b)
Start importing Assets/Prefabs/PlayerUI.prefab using Guid(5ea641da15d19c54f9b517eea4ad8fcf) Importer(815301076,1909f56bfc062723c751e8b465ee728b) [PhysX] Initialized MultithreadedTaskDispatcher with 16 workers.
 -> (artifact id: 'ee418bacb8cb77da18069e9ce53d1847') in 0.020380 seconds
Number of updated asset objects reloaded before import = 0
Number of asset objects unloaded after import = 329
========================================================================
Received Import Request.
  Time since last request: 10.559104 seconds.
  path: Assets/Prefabs/PlayerUI.prefab
  artifactKey: Guid(5ea641da15d19c54f9b517eea4ad8fcf) Importer(815301076,1909f56bfc062723c751e8b465ee728b)
Start importing Assets/Prefabs/PlayerUI.prefab using Guid(5ea641da15d19c54f9b517eea4ad8fcf) Importer(815301076,1909f56bfc062723c751e8b465ee728b) [PhysX] Initialized MultithreadedTaskDispatcher with 16 workers.
 -> (artifact id: 'b02bb4159104df6aa20b3ea380b55121') in 0.023717 seconds
Number of updated asset objects reloaded before import = 0
Number of asset objects unloaded after import = 338
========================================================================
Received Import Request.
  Time since last request: 1.420946 seconds.
  path: Assets/Prefabs/PlayerUI.prefab
  artifactKey: Guid(5ea641da15d19c54f9b517eea4ad8fcf) Importer(815301076,1909f56bfc062723c751e8b465ee728b)
Start importing Assets/Prefabs/PlayerUI.prefab using Guid(5ea641da15d19c54f9b517eea4ad8fcf) Importer(815301076,1909f56bfc062723c751e8b465ee728b) [PhysX] Initialized MultithreadedTaskDispatcher with 16 workers.
 -> (artifact id: '6e5cdecb3e02971e4db2c52817cae24f') in 0.026005 seconds
Number of updated asset objects reloaded before import = 0
Number of asset objects unloaded after import = 338
========================================================================
Received Import Request.
  Time since last request: 18.654451 seconds.
  path: Assets/Prefabs/PlayerUI.prefab
  artifactKey: Guid(5ea641da15d19c54f9b517eea4ad8fcf) Importer(815301076,1909f56bfc062723c751e8b465ee728b)
Start importing Assets/Prefabs/PlayerUI.prefab using Guid(5ea641da15d19c54f9b517eea4ad8fcf) Importer(815301076,1909f56bfc062723c751e8b465ee728b) [PhysX] Initialized MultithreadedTaskDispatcher with 16 workers.
 -> (artifact id: 'b90f46fbd7bb9bf672c79194095b896b') in 0.029426 seconds
Number of updated asset objects reloaded before import = 0
Number of asset objects unloaded after import = 338
========================================================================
Received Import Request.
  Time since last request: 10.754175 seconds.
  path: Assets/Prefabs/PlayerUI.prefab
  artifactKey: Guid(5ea641da15d19c54f9b517eea4ad8fcf) Importer(815301076,1909f56bfc062723c751e8b465ee728b)
Start importing Assets/Prefabs/PlayerUI.prefab using Guid(5ea641da15d19c54f9b517eea4ad8fcf) Importer(815301076,1909f56bfc062723c751e8b465ee728b) [PhysX] Initialized MultithreadedTaskDispatcher with 16 workers.
 -> (artifact id: '87fd7043773a86fc6aaa9825e23768f3') in 0.021553 seconds
Number of updated asset objects reloaded before import = 0
Number of asset objects unloaded after import = 338
========================================================================
Received Import Request.
  Time since last request: 34.446381 seconds.
  path: Assets/Prefabs/PlayerUI.prefab
  artifactKey: Guid(5ea641da15d19c54f9b517eea4ad8fcf) Importer(815301076,1909f56bfc062723c751e8b465ee728b)
Start importing Assets/Prefabs/PlayerUI.prefab using Guid(5ea641da15d19c54f9b517eea4ad8fcf) Importer(815301076,1909f56bfc062723c751e8b465ee728b) [PhysX] Initialized MultithreadedTaskDispatcher with 16 workers.
 -> (artifact id: 'a694a6fbc3559f188ff000bd2d516b9d') in 0.022370 seconds
Number of updated asset objects reloaded before import = 0
Number of asset objects unloaded after import = 338
========================================================================
Received Import Request.
  Time since last request: 14.616122 seconds.
  path: Assets/Prefabs/PlayerUI.prefab
  artifactKey: Guid(5ea641da15d19c54f9b517eea4ad8fcf) Importer(815301076,1909f56bfc062723c751e8b465ee728b)
Start importing Assets/Prefabs/PlayerUI.prefab using Guid(5ea641da15d19c54f9b517eea4ad8fcf) Importer(815301076,1909f56bfc062723c751e8b465ee728b) [PhysX] Initialized MultithreadedTaskDispatcher with 16 workers.
 -> (artifact id: 'de408fbde610ed974623e133253e7666') in 0.023810 seconds
Number of updated asset objects reloaded before import = 0
Number of asset objects unloaded after import = 338
========================================================================
Received Import Request.
  Time since last request: 13.616463 seconds.
  path: Assets/Prefabs/PlayerUI.prefab
  artifactKey: Guid(5ea641da15d19c54f9b517eea4ad8fcf) Importer(815301076,1909f56bfc062723c751e8b465ee728b)
Start importing Assets/Prefabs/PlayerUI.prefab using Guid(5ea641da15d19c54f9b517eea4ad8fcf) Importer(815301076,1909f56bfc062723c751e8b465ee728b) [PhysX] Initialized MultithreadedTaskDispatcher with 16 workers.
 -> (artifact id: '9a0b4048e331d6300a923e48ce74126a') in 0.021658 seconds
Number of updated asset objects reloaded before import = 0
Number of asset objects unloaded after import = 338
========================================================================
Received Import Request.
  Time since last request: 18.433789 seconds.
  path: Assets/Prefabs/PlayerUI.prefab
  artifactKey: Guid(5ea641da15d19c54f9b517eea4ad8fcf) Importer(815301076,1909f56bfc062723c751e8b465ee728b)
Start importing Assets/Prefabs/PlayerUI.prefab using Guid(5ea641da15d19c54f9b517eea4ad8fcf) Importer(815301076,1909f56bfc062723c751e8b465ee728b) [PhysX] Initialized MultithreadedTaskDispatcher with 16 workers.
 -> (artifact id: '3f4907551028dcd364f8aba02dc97f1f') in 0.023880 seconds
Number of updated asset objects reloaded before import = 0
Number of asset objects unloaded after import = 338
========================================================================
Received Prepare
Caller must complete domain reload
Begin MonoManager ReloadAssembly
- Loaded All Assemblies, in  0.392 seconds
Native extension for WindowsStandalone target not found
Native extension for WebGL target not found
Mono: successfully reloaded assembly
- Finished resetting the current domain, in  0.910 seconds
Domain Reload Profiling: 1300ms
	BeginReloadAssembly (134ms)
		ExecutionOrderSort (0ms)
		DisableScriptedObjects (9ms)
		BackupInstance (0ms)
		ReleaseScriptingObjects (0ms)
		CreateAndSetChildDomain (26ms)
	RebuildCommonClasses (24ms)
	RebuildNativeTypeToScriptingClass (7ms)
	initialDomainReloadingComplete (24ms)
	LoadAllAssembliesAndSetupDomain (200ms)
		LoadAssemblies (261ms)
		RebuildTransferFunctionScriptingTraits (0ms)
		AnalyzeDomain (12ms)
			TypeCache.Refresh (6ms)
				TypeCache.ScanAssembly (0ms)
			ScanForSourceGeneratedMonoScriptInfo (0ms)
			ResolveRequiredComponents (4ms)
	FinalizeReload (911ms)
		ReleaseScriptCaches (0ms)
		RebuildScriptCaches (0ms)
		SetupLoadedEditorAssemblies (373ms)
			LogAssemblyErrors (0ms)
			InitializePlatformSupportModulesInManaged (8ms)
			SetLoadedEditorAssemblies (5ms)
			RefreshPlugins (0ms)
			BeforeProcessingInitializeOnLoad (67ms)
			ProcessInitializeOnLoadAttributes (259ms)
			ProcessInitializeOnLoadMethodAttributes (27ms)
			AfterProcessingInitializeOnLoad (6ms)
			EditorAssembliesLoaded (0ms)
		ExecutionOrderSort2 (0ms)
		AwakeInstancesAfterBackupRestoration (11ms)
Refreshing native plugins compatible for Editor in 8.63 ms, found 4 plugins.
Preloading 0 native plugins for Editor in 0.00 ms.
Unloading 4128 Unused Serialized files (Serialized files now loaded: 0)
Unloading 22 unused Assets / (33.2 KB). Loaded Objects now: 4751.
Memory consumption went from 162.2 MB to 162.1 MB.
Total: 4.445900 ms (FindLiveObjects: 0.275300 ms CreateObjectMapping: 0.313900 ms MarkObjects: 3.744800 ms  DeleteObjects: 0.110000 ms)

Prepare: number of updated asset objects reloaded= 0
AssetImportParameters requested are different than current active one (requested -> active):
  custom:container-demuxer-ogg: 62fdf1f143b41e24485cea50d1cbac27 -> 
  custom:video-codec-MediaFoundation-h265: 746d11721c4dcdbdad8f713fa42b33f4 -> 
  custom:video-decoder-ogg-theora: a1e56fd34408186e4bbccfd4996cb3dc -> 
  custom:framework-win-MediaFoundation: 216162199b28c13a410421893ffa2e32 -> 
  custom:CustomObjectIndexerAttribute: 9a22284fe3817be447336de3de66b15e -> 
  custom:container-demuxer-webm: 4f35f7cbe854078d1ac9338744f61a02 -> 
  custom:container-muxer-webm: aa71ff27fc2769a1b78a27578f13a17b -> 
  custom:video-decoder-webm-vp8: 9c59270c3fd7afecdb556c50c9e8de78 -> 
  custom:SearchIndexIgnoredProperties: e643bd26f0fe6173181afceb89e7c659 -> 
  custom:AudioImporter_EditorPlatform: d09bf68614088b80899f8185d706f6e7 -> 
  custom:video-encoder-webm-vp8: eb34c28f22e8b96e1ab97ce403110664 -> 
  custom:audio-decoder-ogg-vorbis: bf7c407c2cedff20999df2af8eb42d56 -> 
  custom:audio-encoder-webm-vorbis: bf7c407c2cedff20999df2af8eb42d56 -> 
========================================================================
Received Prepare
Caller must complete domain reload
Begin MonoManager ReloadAssembly
- Loaded All Assemblies, in  0.383 seconds
Native extension for WindowsStandalone target not found
Native extension for WebGL target not found
Mono: successfully reloaded assembly
- Finished resetting the current domain, in  0.917 seconds
Domain Reload Profiling: 1297ms
	BeginReloadAssembly (134ms)
		ExecutionOrderSort (0ms)
		DisableScriptedObjects (8ms)
		BackupInstance (0ms)
		ReleaseScriptingObjects (0ms)
		CreateAndSetChildDomain (22ms)
	RebuildCommonClasses (24ms)
	RebuildNativeTypeToScriptingClass (8ms)
	initialDomainReloadingComplete (25ms)
	LoadAllAssembliesAndSetupDomain (189ms)
		LoadAssemblies (254ms)
		RebuildTransferFunctionScriptingTraits (0ms)
		AnalyzeDomain (12ms)
			TypeCache.Refresh (6ms)
				TypeCache.ScanAssembly (0ms)
			ScanForSourceGeneratedMonoScriptInfo (0ms)
			ResolveRequiredComponents (5ms)
	FinalizeReload (918ms)
		ReleaseScriptCaches (0ms)
		RebuildScriptCaches (0ms)
		SetupLoadedEditorAssemblies (371ms)
			LogAssemblyErrors (0ms)
			InitializePlatformSupportModulesInManaged (7ms)
			SetLoadedEditorAssemblies (4ms)
			RefreshPlugins (0ms)
			BeforeProcessingInitializeOnLoad (66ms)
			ProcessInitializeOnLoadAttributes (262ms)
			ProcessInitializeOnLoadMethodAttributes (26ms)
			AfterProcessingInitializeOnLoad (6ms)
			EditorAssembliesLoaded (0ms)
		ExecutionOrderSort2 (0ms)
		AwakeInstancesAfterBackupRestoration (11ms)
Refreshing native plugins compatible for Editor in 7.77 ms, found 4 plugins.
Preloading 0 native plugins for Editor in 0.00 ms.
Unloading 4129 Unused Serialized files (Serialized files now loaded: 0)
Unloading 20 unused Assets / (31.7 KB). Loaded Objects now: 4755.
Memory consumption went from 162.4 MB to 162.4 MB.
Total: 3.739600 ms (FindLiveObjects: 0.283600 ms CreateObjectMapping: 0.183400 ms MarkObjects: 3.196400 ms  DeleteObjects: 0.075000 ms)

Prepare: number of updated asset objects reloaded= 0
AssetImportParameters requested are different than current active one (requested -> active):
  custom:container-demuxer-ogg: 62fdf1f143b41e24485cea50d1cbac27 -> 
  custom:video-codec-MediaFoundation-h265: 746d11721c4dcdbdad8f713fa42b33f4 -> 
  custom:video-decoder-ogg-theora: a1e56fd34408186e4bbccfd4996cb3dc -> 
  custom:framework-win-MediaFoundation: 216162199b28c13a410421893ffa2e32 -> 
  custom:CustomObjectIndexerAttribute: 9a22284fe3817be447336de3de66b15e -> 
  custom:container-demuxer-webm: 4f35f7cbe854078d1ac9338744f61a02 -> 
  custom:container-muxer-webm: aa71ff27fc2769a1b78a27578f13a17b -> 
  custom:video-decoder-webm-vp8: 9c59270c3fd7afecdb556c50c9e8de78 -> 
  custom:SearchIndexIgnoredProperties: e643bd26f0fe6173181afceb89e7c659 -> 
  custom:AudioImporter_EditorPlatform: d09bf68614088b80899f8185d706f6e7 -> 
  custom:video-encoder-webm-vp8: eb34c28f22e8b96e1ab97ce403110664 -> 
  custom:audio-decoder-ogg-vorbis: bf7c407c2cedff20999df2af8eb42d56 -> 
  custom:audio-encoder-webm-vorbis: bf7c407c2cedff20999df2af8eb42d56 -> 
========================================================================
Received Prepare
Caller must complete domain reload
Begin MonoManager ReloadAssembly
- Loaded All Assemblies, in  0.393 seconds
Native extension for WindowsStandalone target not found
Native extension for WebGL target not found
Mono: successfully reloaded assembly
- Finished resetting the current domain, in  0.900 seconds
Domain Reload Profiling: 1290ms
	BeginReloadAssembly (134ms)
		ExecutionOrderSort (0ms)
		DisableScriptedObjects (8ms)
		BackupInstance (0ms)
		ReleaseScriptingObjects (0ms)
		CreateAndSetChildDomain (25ms)
	RebuildCommonClasses (23ms)
	RebuildNativeTypeToScriptingClass (10ms)
	initialDomainReloadingComplete (25ms)
	LoadAllAssembliesAndSetupDomain (198ms)
		LoadAssemblies (253ms)
		RebuildTransferFunctionScriptingTraits (0ms)
		AnalyzeDomain (13ms)
			TypeCache.Refresh (6ms)
				TypeCache.ScanAssembly (0ms)
			ScanForSourceGeneratedMonoScriptInfo (0ms)
			ResolveRequiredComponents (5ms)
	FinalizeReload (900ms)
		ReleaseScriptCaches (0ms)
		RebuildScriptCaches (0ms)
		SetupLoadedEditorAssemblies (364ms)
			LogAssemblyErrors (0ms)
			InitializePlatformSupportModulesInManaged (6ms)
			SetLoadedEditorAssemblies (4ms)
			RefreshPlugins (0ms)
			BeforeProcessingInitializeOnLoad (60ms)
			ProcessInitializeOnLoadAttributes (261ms)
			ProcessInitializeOnLoadMethodAttributes (26ms)
			AfterProcessingInitializeOnLoad (6ms)
			EditorAssembliesLoaded (0ms)
		ExecutionOrderSort2 (0ms)
		AwakeInstancesAfterBackupRestoration (11ms)
Refreshing native plugins compatible for Editor in 8.01 ms, found 4 plugins.
Preloading 0 native plugins for Editor in 0.00 ms.
Unloading 4129 Unused Serialized files (Serialized files now loaded: 0)
Unloading 20 unused Assets / (31.7 KB). Loaded Objects now: 4759.
Memory consumption went from 162.4 MB to 162.4 MB.
Total: 13.434400 ms (FindLiveObjects: 0.297800 ms CreateObjectMapping: 0.225500 ms MarkObjects: 12.826100 ms  DeleteObjects: 0.083300 ms)

Prepare: number of updated asset objects reloaded= 0
AssetImportParameters requested are different than current active one (requested -> active):
  custom:container-demuxer-ogg: 62fdf1f143b41e24485cea50d1cbac27 -> 
  custom:video-codec-MediaFoundation-h265: 746d11721c4dcdbdad8f713fa42b33f4 -> 
  custom:video-decoder-ogg-theora: a1e56fd34408186e4bbccfd4996cb3dc -> 
  custom:framework-win-MediaFoundation: 216162199b28c13a410421893ffa2e32 -> 
  custom:CustomObjectIndexerAttribute: 9a22284fe3817be447336de3de66b15e -> 
  custom:container-demuxer-webm: 4f35f7cbe854078d1ac9338744f61a02 -> 
  custom:container-muxer-webm: aa71ff27fc2769a1b78a27578f13a17b -> 
  custom:video-decoder-webm-vp8: 9c59270c3fd7afecdb556c50c9e8de78 -> 
  custom:SearchIndexIgnoredProperties: e643bd26f0fe6173181afceb89e7c659 -> 
  custom:AudioImporter_EditorPlatform: d09bf68614088b80899f8185d706f6e7 -> 
  custom:video-encoder-webm-vp8: eb34c28f22e8b96e1ab97ce403110664 -> 
  custom:audio-decoder-ogg-vorbis: bf7c407c2cedff20999df2af8eb42d56 -> 
  custom:audio-encoder-webm-vorbis: bf7c407c2cedff20999df2af8eb42d56 -> 
========================================================================
Received Import Request.
  Time since last request: 122.188202 seconds.
  path: Assets/materials/EndCell.mat
  artifactKey: Guid(b34ea103b263f8f4e8fa7195ca1ffeec) Importer(815301076,1909f56bfc062723c751e8b465ee728b)
Start importing Assets/materials/EndCell.mat using Guid(b34ea103b263f8f4e8fa7195ca1ffeec) Importer(815301076,1909f56bfc062723c751e8b465ee728b) [PhysX] Initialized MultithreadedTaskDispatcher with 16 workers.
[PhysX] Initialized MultithreadedTaskDispatcher with 16 workers.
 -> (artifact id: '64c56356f9f5d69a253c94474a79d7e7') in 0.162059 seconds
Number of updated asset objects reloaded before import = 0
Number of asset objects unloaded after import = 2
========================================================================
Received Import Request.
  Time since last request: 0.000025 seconds.
  path: Assets/materials/transparent.mat
  artifactKey: Guid(e7b902f2c1b038f4a9b1ae787eda9a46) Importer(815301076,1909f56bfc062723c751e8b465ee728b)
Start importing Assets/materials/transparent.mat using Guid(e7b902f2c1b038f4a9b1ae787eda9a46) Importer(815301076,1909f56bfc062723c751e8b465ee728b) [PhysX] Initialized MultithreadedTaskDispatcher with 16 workers.
[PhysX] Initialized MultithreadedTaskDispatcher with 16 workers.
 -> (artifact id: 'dcd54f05cdca9b2f9baceadec62c8b34') in 0.027982 seconds
Number of updated asset objects reloaded before import = 0
Number of asset objects unloaded after import = 1
========================================================================
Received Import Request.
  Time since last request: 0.000026 seconds.
  path: Assets/materials/PortalCell.mat
  artifactKey: Guid(06cb88cdace07404896d7ea76033bbdd) Importer(815301076,1909f56bfc062723c751e8b465ee728b)
Start importing Assets/materials/PortalCell.mat using Guid(06cb88cdace07404896d7ea76033bbdd) Importer(815301076,1909f56bfc062723c751e8b465ee728b) [PhysX] Initialized MultithreadedTaskDispatcher with 16 workers.
[PhysX] Initialized MultithreadedTaskDispatcher with 16 workers.
 -> (artifact id: 'df325d543ba96e5088e94de650297e8d') in 0.023758 seconds
Number of updated asset objects reloaded before import = 0
Number of asset objects unloaded after import = 2
========================================================================
Received Import Request.
  Time since last request: 0.000034 seconds.
  path: Assets/materials/FlagCursor.mat
  artifactKey: Guid(878698f82aeba4cc1a6db80aedf98a6d) Importer(815301076,1909f56bfc062723c751e8b465ee728b)
Start importing Assets/materials/FlagCursor.mat using Guid(878698f82aeba4cc1a6db80aedf98a6d) Importer(815301076,1909f56bfc062723c751e8b465ee728b) [PhysX] Initialized MultithreadedTaskDispatcher with 16 workers.
[PhysX] Initialized MultithreadedTaskDispatcher with 16 workers.
 -> (artifact id: 'c010155d3635648f85189f8c1a92f3d7') in 0.024177 seconds
Number of updated asset objects reloaded before import = 0
Number of asset objects unloaded after import = 1
========================================================================
Received Import Request.
  Time since last request: 0.000014 seconds.
  path: Assets/materials/Menu Background.mat
  artifactKey: Guid(36e786ea8d8543344b479117dc21bbe3) Importer(815301076,1909f56bfc062723c751e8b465ee728b)
Start importing Assets/materials/Menu Background.mat using Guid(36e786ea8d8543344b479117dc21bbe3) Importer(815301076,1909f56bfc062723c751e8b465ee728b) [PhysX] Initialized MultithreadedTaskDispatcher with 16 workers.
[PhysX] Initialized MultithreadedTaskDispatcher with 16 workers.
 -> (artifact id: '040484ba3d9ab5b324721b5bd1c50d87') in 0.024347 seconds
Number of updated asset objects reloaded before import = 0
Number of asset objects unloaded after import = 1
========================================================================
Received Import Request.
  Time since last request: 0.000015 seconds.
  path: Assets/materials/Hidden.mat
  artifactKey: Guid(f713a0290f0ff20409839f7ee4275b3c) Importer(815301076,1909f56bfc062723c751e8b465ee728b)
Start importing Assets/materials/Hidden.mat using Guid(f713a0290f0ff20409839f7ee4275b3c) Importer(815301076,1909f56bfc062723c751e8b465ee728b) [PhysX] Initialized MultithreadedTaskDispatcher with 16 workers.
[PhysX] Initialized MultithreadedTaskDispatcher with 16 workers.
 -> (artifact id: '50196a29f0e4f0effa1b57bba9c6e04a') in 0.020819 seconds
Number of updated asset objects reloaded before import = 0
Number of asset objects unloaded after import = 2
========================================================================
Received Import Request.
  Time since last request: 0.000023 seconds.
  path: Assets/materials/NewCellTexture.png
  artifactKey: Guid(5c1a6c0a8e311314aa7859a196a41d79) Importer(815301076,1909f56bfc062723c751e8b465ee728b)
Start importing Assets/materials/NewCellTexture.png using Guid(5c1a6c0a8e311314aa7859a196a41d79) Importer(815301076,1909f56bfc062723c751e8b465ee728b) [PhysX] Initialized MultithreadedTaskDispatcher with 16 workers.
[PhysX] Initialized MultithreadedTaskDispatcher with 16 workers.
 -> (artifact id: '312ef35d44ebcf42aaa11fac4b38a173') in 0.025599 seconds
Number of updated asset objects reloaded before import = 0
Number of asset objects unloaded after import = 2
========================================================================
Received Import Request.
  Time since last request: 0.000030 seconds.
  path: Assets/materials/Hidden_Old.mat
  artifactKey: Guid(54dfb26bc5bc4324f939a67f9f530d07) Importer(815301076,1909f56bfc062723c751e8b465ee728b)
Start importing Assets/materials/Hidden_Old.mat using Guid(54dfb26bc5bc4324f939a67f9f530d07) Importer(815301076,1909f56bfc062723c751e8b465ee728b) [PhysX] Initialized MultithreadedTaskDispatcher with 16 workers.
[PhysX] Initialized MultithreadedTaskDispatcher with 16 workers.
 -> (artifact id: 'a5aaa36aea81de0b84d7e0c865280c60') in 0.024873 seconds
Number of updated asset objects reloaded before import = 0
Number of asset objects unloaded after import = 2
========================================================================
Received Import Request.
  Time since last request: 0.572992 seconds.
  path: Assets/Scenes/Basic Scene.scenetemplate
  artifactKey: Guid(53000055ed4402440aa71c7019eaaaf9) Importer(815301076,1909f56bfc062723c751e8b465ee728b)
Start importing Assets/Scenes/Basic Scene.scenetemplate using Guid(53000055ed4402440aa71c7019eaaaf9) Importer(815301076,1909f56bfc062723c751e8b465ee728b) [PhysX] Initialized MultithreadedTaskDispatcher with 16 workers.
Calls to "AssetDatabase.SaveAssets" are restricted during asset importing. 
UnityEngine.StackTraceUtility:ExtractStackTrace ()
UnityEditor.SceneTemplate.SceneTemplateAsset:UpdateDependencies ()
UnityEditor.SceneTemplate.SceneTemplateAssetInspectorWindow:UpdateSceneTemplateAsset ()
UnityEditor.SceneTemplate.SceneTemplateAssetInspectorWindow:OnEnable ()
UnityEditor.Editor:CreateEditorWithContext (UnityEngine.Object[],UnityEngine.Object,System.Type)
UnityEditor.Editor:CreateEditor (UnityEngine.Object,System.Type)
UnityEditor.Editor:CreateEditor (UnityEngine.Object)
UnityEditor.AssetPreviewUpdater:CreatePreview (UnityEngine.Object,UnityEngine.Object[],string,int,int)
UnityEditor.AssetPreviewUpdater:CreatePreviewForAsset (UnityEngine.Object,UnityEngine.Object[],string)

[C:\build\output\unity\unity\Modules\AssetDatabase\Editor\Public\AssetDatabasePreventExecution.cpp line 39]

UnityException: Calls to "AssetDatabase.SaveAssets" are restricted during asset importing. 
  at (wrapper managed-to-native) UnityEditor.AssetDatabase.SaveAssets()
  at UnityEditor.SceneTemplate.SceneTemplateAsset.UpdateDependencies () [0x00109] in <8bf34f793fd9440f9c8eb0dda774d246>:0 
  at UnityEditor.SceneTemplate.SceneTemplateAssetInspectorWindow.UpdateSceneTemplateAsset () [0x00012] in <8bf34f793fd9440f9c8eb0dda774d246>:0 
  at UnityEditor.SceneTemplate.SceneTemplateAssetInspectorWindow.OnEnable () [0x00011] in <8bf34f793fd9440f9c8eb0dda774d246>:0 
UnityEditor.Editor:CreateEditorWithContextInternal(Object[], Object, Type)
UnityEditor.Editor:CreateEditorWithContext(Object[], Object, Type)
UnityEditor.Editor:CreateEditor(Object, Type)
UnityEditor.Editor:CreateEditor(Object)
UnityEditor.AssetPreviewUpdater:CreatePreview(Object, Object[], String, Int32, Int32)
UnityEditor.AssetPreviewUpdater:CreatePreviewForAsset(Object, Object[], String)

[PhysX] Initialized MultithreadedTaskDispatcher with 16 workers.
 -> (artifact id: '63904b3bebafae31c1388d486a084346') in 0.216274 seconds
Number of updated asset objects reloaded before import = 0
Number of asset objects unloaded after import = 563
========================================================================
Received Import Request.
  Time since last request: 8.731940 seconds.
  path: Assets/Scenes/FlagsAreKey.unity
  artifactKey: Guid(95f9d253699096b4893d6abccb034050) Importer(815301076,1909f56bfc062723c751e8b465ee728b)
Start importing Assets/Scenes/FlagsAreKey.unity using Guid(95f9d253699096b4893d6abccb034050) Importer(815301076,1909f56bfc062723c751e8b465ee728b) [PhysX] Initialized MultithreadedTaskDispatcher with 16 workers.
 -> (artifact id: 'e194bfdaba08b790aa3596efb608dfab') in 0.000755 seconds
Number of updated asset objects reloaded before import = 0
Number of asset objects unloaded after import = 0
========================================================================
Received Prepare
Caller must complete domain reload
Begin MonoManager ReloadAssembly
- Loaded All Assemblies, in  0.395 seconds
Native extension for WindowsStandalone target not found
Native extension for WebGL target not found
Mono: successfully reloaded assembly
- Finished resetting the current domain, in  0.946 seconds
Domain Reload Profiling: 1338ms
	BeginReloadAssembly (132ms)
		ExecutionOrderSort (0ms)
		DisableScriptedObjects (8ms)
		BackupInstance (0ms)
		ReleaseScriptingObjects (0ms)
		CreateAndSetChildDomain (27ms)
	RebuildCommonClasses (27ms)
	RebuildNativeTypeToScriptingClass (8ms)
	initialDomainReloadingComplete (24ms)
	LoadAllAssembliesAndSetupDomain (200ms)
		LoadAssemblies (259ms)
		RebuildTransferFunctionScriptingTraits (0ms)
		AnalyzeDomain (12ms)
			TypeCache.Refresh (5ms)
				TypeCache.ScanAssembly (0ms)
			ScanForSourceGeneratedMonoScriptInfo (0ms)
			ResolveRequiredComponents (5ms)
	FinalizeReload (946ms)
		ReleaseScriptCaches (0ms)
		RebuildScriptCaches (0ms)
		SetupLoadedEditorAssemblies (389ms)
			LogAssemblyErrors (0ms)
			InitializePlatformSupportModulesInManaged (9ms)
			SetLoadedEditorAssemblies (5ms)
			RefreshPlugins (0ms)
			BeforeProcessingInitializeOnLoad (70ms)
			ProcessInitializeOnLoadAttributes (270ms)
			ProcessInitializeOnLoadMethodAttributes (28ms)
			AfterProcessingInitializeOnLoad (6ms)
			EditorAssembliesLoaded (0ms)
		ExecutionOrderSort2 (0ms)
		AwakeInstancesAfterBackupRestoration (11ms)
Refreshing native plugins compatible for Editor in 8.02 ms, found 4 plugins.
Preloading 0 native plugins for Editor in 0.00 ms.
Unloading 4128 Unused Serialized files (Serialized files now loaded: 0)
Unloading 27 unused Assets / (33.4 KB). Loaded Objects now: 4796.
Memory consumption went from 162.5 MB to 162.4 MB.
Total: 3.871500 ms (FindLiveObjects: 0.393300 ms CreateObjectMapping: 0.183300 ms MarkObjects: 3.139700 ms  DeleteObjects: 0.153800 ms)

Prepare: number of updated asset objects reloaded= 0
AssetImportParameters requested are different than current active one (requested -> active):
  custom:container-demuxer-ogg: 62fdf1f143b41e24485cea50d1cbac27 -> 
  custom:video-codec-MediaFoundation-h265: 746d11721c4dcdbdad8f713fa42b33f4 -> 
  custom:video-decoder-ogg-theora: a1e56fd34408186e4bbccfd4996cb3dc -> 
  custom:framework-win-MediaFoundation: 216162199b28c13a410421893ffa2e32 -> 
  custom:CustomObjectIndexerAttribute: 9a22284fe3817be447336de3de66b15e -> 
  custom:container-demuxer-webm: 4f35f7cbe854078d1ac9338744f61a02 -> 
  custom:container-muxer-webm: aa71ff27fc2769a1b78a27578f13a17b -> 
  custom:video-decoder-webm-vp8: 9c59270c3fd7afecdb556c50c9e8de78 -> 
  custom:SearchIndexIgnoredProperties: e643bd26f0fe6173181afceb89e7c659 -> 
  custom:AudioImporter_EditorPlatform: d09bf68614088b80899f8185d706f6e7 -> 
  custom:video-encoder-webm-vp8: eb34c28f22e8b96e1ab97ce403110664 -> 
  custom:audio-decoder-ogg-vorbis: bf7c407c2cedff20999df2af8eb42d56 -> 
  custom:audio-encoder-webm-vorbis: bf7c407c2cedff20999df2af8eb42d56 -> 
========================================================================
Received Import Request.
  Time since last request: 112.718300 seconds.
  path: Assets/Scenes/LongerStride.unity
  artifactKey: Guid(c12c0d4e8e43ee94193b9b66c28d1547) Importer(815301076,1909f56bfc062723c751e8b465ee728b)
Start importing Assets/Scenes/LongerStride.unity using Guid(c12c0d4e8e43ee94193b9b66c28d1547) Importer(815301076,1909f56bfc062723c751e8b465ee728b) [PhysX] Initialized MultithreadedTaskDispatcher with 16 workers.
 -> (artifact id: '8788e7ffd16aac7154fa3e46ff0539c7') in 0.003022 seconds
Number of updated asset objects reloaded before import = 0
Number of asset objects unloaded after import = 0
========================================================================
Received Import Request.
  Time since last request: 6.418244 seconds.
  path: Assets/Prefabs/PlayerUI.prefab
  artifactKey: Guid(5ea641da15d19c54f9b517eea4ad8fcf) Importer(815301076,1909f56bfc062723c751e8b465ee728b)
Start importing Assets/Prefabs/PlayerUI.prefab using Guid(5ea641da15d19c54f9b517eea4ad8fcf) Importer(815301076,1909f56bfc062723c751e8b465ee728b) [PhysX] Initialized MultithreadedTaskDispatcher with 16 workers.
 -> (artifact id: 'fa7fb2bb1ad8e34ed445d016dae15b78') in 0.058956 seconds
Number of updated asset objects reloaded before import = 0
Number of asset objects unloaded after import = 338
========================================================================
Received Import Request.
  Time since last request: 5.896180 seconds.
  path: Assets/Prefabs/PlayerUI.prefab
  artifactKey: Guid(5ea641da15d19c54f9b517eea4ad8fcf) Importer(815301076,1909f56bfc062723c751e8b465ee728b)
Start importing Assets/Prefabs/PlayerUI.prefab using Guid(5ea641da15d19c54f9b517eea4ad8fcf) Importer(815301076,1909f56bfc062723c751e8b465ee728b) [PhysX] Initialized MultithreadedTaskDispatcher with 16 workers.
 -> (artifact id: '87c30650634a73be7b4c442cae5d1313') in 0.021648 seconds
Number of updated asset objects reloaded before import = 0
Number of asset objects unloaded after import = 338
========================================================================
Received Import Request.
  Time since last request: 3.818185 seconds.
  path: Assets/Prefabs/PlayerUI.prefab
  artifactKey: Guid(5ea641da15d19c54f9b517eea4ad8fcf) Importer(815301076,1909f56bfc062723c751e8b465ee728b)
Start importing Assets/Prefabs/PlayerUI.prefab using Guid(5ea641da15d19c54f9b517eea4ad8fcf) Importer(815301076,1909f56bfc062723c751e8b465ee728b) [PhysX] Initialized MultithreadedTaskDispatcher with 16 workers.
 -> (artifact id: 'ac436b75e83d2d3ac645513fd6080b2d') in 0.026328 seconds
Number of updated asset objects reloaded before import = 0
Number of asset objects unloaded after import = 338
========================================================================
Received Prepare
Caller must complete domain reload
Begin MonoManager ReloadAssembly
- Loaded All Assemblies, in  0.439 seconds
Native extension for WindowsStandalone target not found
Native extension for WebGL target not found
Mono: successfully reloaded assembly
- Finished resetting the current domain, in  0.907 seconds
Domain Reload Profiling: 1343ms
	BeginReloadAssembly (178ms)
		ExecutionOrderSort (0ms)
		DisableScriptedObjects (9ms)
		BackupInstance (0ms)
		ReleaseScriptingObjects (0ms)
		CreateAndSetChildDomain (34ms)
	RebuildCommonClasses (22ms)
	RebuildNativeTypeToScriptingClass (8ms)
	initialDomainReloadingComplete (24ms)
	LoadAllAssembliesAndSetupDomain (203ms)
		LoadAssemblies (289ms)
		RebuildTransferFunctionScriptingTraits (0ms)
		AnalyzeDomain (12ms)
			TypeCache.Refresh (5ms)
				TypeCache.ScanAssembly (0ms)
			ScanForSourceGeneratedMonoScriptInfo (0ms)
			ResolveRequiredComponents (4ms)
	FinalizeReload (908ms)
		ReleaseScriptCaches (0ms)
		RebuildScriptCaches (0ms)
		SetupLoadedEditorAssemblies (371ms)
			LogAssemblyErrors (0ms)
			InitializePlatformSupportModulesInManaged (6ms)
			SetLoadedEditorAssemblies (4ms)
			RefreshPlugins (0ms)
			BeforeProcessingInitializeOnLoad (66ms)
			ProcessInitializeOnLoadAttributes (262ms)
			ProcessInitializeOnLoadMethodAttributes (27ms)
			AfterProcessingInitializeOnLoad (6ms)
			EditorAssembliesLoaded (0ms)
		ExecutionOrderSort2 (0ms)
		AwakeInstancesAfterBackupRestoration (10ms)
Refreshing native plugins compatible for Editor in 8.38 ms, found 4 plugins.
Preloading 0 native plugins for Editor in 0.00 ms.
Unloading 4128 Unused Serialized files (Serialized files now loaded: 0)
Unloading 22 unused Assets / (33.3 KB). Loaded Objects now: 4800.
Memory consumption went from 162.4 MB to 162.4 MB.
Total: 3.941000 ms (FindLiveObjects: 0.298200 ms CreateObjectMapping: 0.168500 ms MarkObjects: 3.406100 ms  DeleteObjects: 0.066700 ms)

Prepare: number of updated asset objects reloaded= 0
AssetImportParameters requested are different than current active one (requested -> active):
  custom:container-demuxer-ogg: 62fdf1f143b41e24485cea50d1cbac27 -> 
  custom:video-codec-MediaFoundation-h265: 746d11721c4dcdbdad8f713fa42b33f4 -> 
  custom:video-decoder-ogg-theora: a1e56fd34408186e4bbccfd4996cb3dc -> 
  custom:framework-win-MediaFoundation: 216162199b28c13a410421893ffa2e32 -> 
  custom:CustomObjectIndexerAttribute: 9a22284fe3817be447336de3de66b15e -> 
  custom:container-demuxer-webm: 4f35f7cbe854078d1ac9338744f61a02 -> 
  custom:container-muxer-webm: aa71ff27fc2769a1b78a27578f13a17b -> 
  custom:video-decoder-webm-vp8: 9c59270c3fd7afecdb556c50c9e8de78 -> 
  custom:SearchIndexIgnoredProperties: e643bd26f0fe6173181afceb89e7c659 -> 
  custom:AudioImporter_EditorPlatform: d09bf68614088b80899f8185d706f6e7 -> 
  custom:video-encoder-webm-vp8: eb34c28f22e8b96e1ab97ce403110664 -> 
  custom:audio-decoder-ogg-vorbis: bf7c407c2cedff20999df2af8eb42d56 -> 
  custom:audio-encoder-webm-vorbis: bf7c407c2cedff20999df2af8eb42d56 -> 
========================================================================
Received Prepare
Caller must complete domain reload
Begin MonoManager ReloadAssembly
- Loaded All Assemblies, in  0.376 seconds
Native extension for WindowsStandalone target not found
Native extension for WebGL target not found
Mono: successfully reloaded assembly
- Finished resetting the current domain, in  0.886 seconds
Domain Reload Profiling: 1259ms
	BeginReloadAssembly (126ms)
		ExecutionOrderSort (0ms)
		DisableScriptedObjects (8ms)
		BackupInstance (0ms)
		ReleaseScriptingObjects (0ms)
		CreateAndSetChildDomain (22ms)
	RebuildCommonClasses (23ms)
	RebuildNativeTypeToScriptingClass (8ms)
	initialDomainReloadingComplete (23ms)
	LoadAllAssembliesAndSetupDomain (193ms)
		LoadAssemblies (246ms)
		RebuildTransferFunctionScriptingTraits (0ms)
		AnalyzeDomain (13ms)
			TypeCache.Refresh (6ms)
				TypeCache.ScanAssembly (0ms)
			ScanForSourceGeneratedMonoScriptInfo (0ms)
			ResolveRequiredComponents (5ms)
	FinalizeReload (886ms)
		ReleaseScriptCaches (0ms)
		RebuildScriptCaches (0ms)
		SetupLoadedEditorAssemblies (369ms)
			LogAssemblyErrors (0ms)
			InitializePlatformSupportModulesInManaged (6ms)
			SetLoadedEditorAssemblies (4ms)
			RefreshPlugins (0ms)
			BeforeProcessingInitializeOnLoad (66ms)
			ProcessInitializeOnLoadAttributes (257ms)
			ProcessInitializeOnLoadMethodAttributes (29ms)
			AfterProcessingInitializeOnLoad (6ms)
			EditorAssembliesLoaded (0ms)
		ExecutionOrderSort2 (0ms)
		AwakeInstancesAfterBackupRestoration (10ms)
Refreshing native plugins compatible for Editor in 7.98 ms, found 4 plugins.
Preloading 0 native plugins for Editor in 0.00 ms.
Unloading 4129 Unused Serialized files (Serialized files now loaded: 0)
Unloading 20 unused Assets / (31.7 KB). Loaded Objects now: 4804.
Memory consumption went from 162.7 MB to 162.6 MB.
Total: 3.931000 ms (FindLiveObjects: 0.381500 ms CreateObjectMapping: 0.163000 ms MarkObjects: 3.327200 ms  DeleteObjects: 0.058000 ms)

Prepare: number of updated asset objects reloaded= 0
AssetImportParameters requested are different than current active one (requested -> active):
  custom:container-demuxer-ogg: 62fdf1f143b41e24485cea50d1cbac27 -> 
  custom:video-codec-MediaFoundation-h265: 746d11721c4dcdbdad8f713fa42b33f4 -> 
  custom:video-decoder-ogg-theora: a1e56fd34408186e4bbccfd4996cb3dc -> 
  custom:framework-win-MediaFoundation: 216162199b28c13a410421893ffa2e32 -> 
  custom:CustomObjectIndexerAttribute: 9a22284fe3817be447336de3de66b15e -> 
  custom:container-demuxer-webm: 4f35f7cbe854078d1ac9338744f61a02 -> 
  custom:container-muxer-webm: aa71ff27fc2769a1b78a27578f13a17b -> 
  custom:video-decoder-webm-vp8: 9c59270c3fd7afecdb556c50c9e8de78 -> 
  custom:SearchIndexIgnoredProperties: e643bd26f0fe6173181afceb89e7c659 -> 
  custom:AudioImporter_EditorPlatform: d09bf68614088b80899f8185d706f6e7 -> 
  custom:video-encoder-webm-vp8: eb34c28f22e8b96e1ab97ce403110664 -> 
  custom:audio-decoder-ogg-vorbis: bf7c407c2cedff20999df2af8eb42d56 -> 
  custom:audio-encoder-webm-vorbis: bf7c407c2cedff20999df2af8eb42d56 -> 
========================================================================
Received Import Request.
  Time since last request: 80.246343 seconds.
  path: Assets/Scenes/Basic Scene.scenetemplate
  artifactKey: Guid(53000055ed4402440aa71c7019eaaaf9) Importer(815301076,1909f56bfc062723c751e8b465ee728b)
Start importing Assets/Scenes/Basic Scene.scenetemplate using Guid(53000055ed4402440aa71c7019eaaaf9) Importer(815301076,1909f56bfc062723c751e8b465ee728b) [PhysX] Initialized MultithreadedTaskDispatcher with 16 workers.
Calls to "AssetDatabase.SaveAssets" are restricted during asset importing. 
UnityEngine.StackTraceUtility:ExtractStackTrace ()
UnityEditor.SceneTemplate.SceneTemplateAsset:UpdateDependencies ()
UnityEditor.SceneTemplate.SceneTemplateAssetInspectorWindow:UpdateSceneTemplateAsset ()
UnityEditor.SceneTemplate.SceneTemplateAssetInspectorWindow:OnEnable ()
UnityEditor.Editor:CreateEditorWithContext (UnityEngine.Object[],UnityEngine.Object,System.Type)
UnityEditor.Editor:CreateEditor (UnityEngine.Object,System.Type)
UnityEditor.Editor:CreateEditor (UnityEngine.Object)
UnityEditor.AssetPreviewUpdater:CreatePreview (UnityEngine.Object,UnityEngine.Object[],string,int,int)
UnityEditor.AssetPreviewUpdater:CreatePreviewForAsset (UnityEngine.Object,UnityEngine.Object[],string)

[C:\build\output\unity\unity\Modules\AssetDatabase\Editor\Public\AssetDatabasePreventExecution.cpp line 39]

UnityException: Calls to "AssetDatabase.SaveAssets" are restricted during asset importing. 
  at (wrapper managed-to-native) UnityEditor.AssetDatabase.SaveAssets()
  at UnityEditor.SceneTemplate.SceneTemplateAsset.UpdateDependencies () [0x00109] in <8bf34f793fd9440f9c8eb0dda774d246>:0 
  at UnityEditor.SceneTemplate.SceneTemplateAssetInspectorWindow.UpdateSceneTemplateAsset () [0x00012] in <8bf34f793fd9440f9c8eb0dda774d246>:0 
  at UnityEditor.SceneTemplate.SceneTemplateAssetInspectorWindow.OnEnable () [0x00011] in <8bf34f793fd9440f9c8eb0dda774d246>:0 
UnityEditor.Editor:CreateEditorWithContextInternal(Object[], Object, Type)
UnityEditor.Editor:CreateEditorWithContext(Object[], Object, Type)
UnityEditor.Editor:CreateEditor(Object, Type)
UnityEditor.Editor:CreateEditor(Object)
UnityEditor.AssetPreviewUpdater:CreatePreview(Object, Object[], String, Int32, Int32)
UnityEditor.AssetPreviewUpdater:CreatePreviewForAsset(Object, Object[], String)

[PhysX] Initialized MultithreadedTaskDispatcher with 16 workers.
 -> (artifact id: '238319410ce0dab667fcaf07ef3e8df5') in 0.274452 seconds
Number of updated asset objects reloaded before import = 0
Number of asset objects unloaded after import = 563
========================================================================
Received Import Request.
  Time since last request: 6.945476 seconds.
  path: Assets/Prefabs/PlayerUI.prefab
  artifactKey: Guid(5ea641da15d19c54f9b517eea4ad8fcf) Importer(815301076,1909f56bfc062723c751e8b465ee728b)
Start importing Assets/Prefabs/PlayerUI.prefab using Guid(5ea641da15d19c54f9b517eea4ad8fcf) Importer(815301076,1909f56bfc062723c751e8b465ee728b) [PhysX] Initialized MultithreadedTaskDispatcher with 16 workers.
 -> (artifact id: 'e1c3e921718ac3ff190f2e7674a4b714') in 0.036151 seconds
Number of updated asset objects reloaded before import = 0
Number of asset objects unloaded after import = 338
========================================================================
Received Import Request.
  Time since last request: 11.392955 seconds.
  path: Assets/Prefabs/PlayerUI.prefab
  artifactKey: Guid(5ea641da15d19c54f9b517eea4ad8fcf) Importer(815301076,1909f56bfc062723c751e8b465ee728b)
Start importing Assets/Prefabs/PlayerUI.prefab using Guid(5ea641da15d19c54f9b517eea4ad8fcf) Importer(815301076,1909f56bfc062723c751e8b465ee728b) [PhysX] Initialized MultithreadedTaskDispatcher with 16 workers.
 -> (artifact id: '21fa33386a63b087b21eda6b87fb6bdb') in 0.029401 seconds
Number of updated asset objects reloaded before import = 0
Number of asset objects unloaded after import = 338
========================================================================
Received Import Request.
  Time since last request: 11.260701 seconds.
  path: Assets/Prefabs/PlayerUI.prefab
  artifactKey: Guid(5ea641da15d19c54f9b517eea4ad8fcf) Importer(815301076,1909f56bfc062723c751e8b465ee728b)
Start importing Assets/Prefabs/PlayerUI.prefab using Guid(5ea641da15d19c54f9b517eea4ad8fcf) Importer(815301076,1909f56bfc062723c751e8b465ee728b) [PhysX] Initialized MultithreadedTaskDispatcher with 16 workers.
 -> (artifact id: '6fea848f3679270952dffe2d48c918e2') in 0.020461 seconds
Number of updated asset objects reloaded before import = 0
Number of asset objects unloaded after import = 338
========================================================================
Received Import Request.
  Time since last request: 9.046337 seconds.
  path: Assets/Scenes/Basic Scene.scenetemplate
  artifactKey: Guid(53000055ed4402440aa71c7019eaaaf9) Importer(815301076,1909f56bfc062723c751e8b465ee728b)
Start importing Assets/Scenes/Basic Scene.scenetemplate using Guid(53000055ed4402440aa71c7019eaaaf9) Importer(815301076,1909f56bfc062723c751e8b465ee728b) [PhysX] Initialized MultithreadedTaskDispatcher with 16 workers.
Calls to "AssetDatabase.SaveAssets" are restricted during asset importing. 
UnityEngine.StackTraceUtility:ExtractStackTrace ()
UnityEditor.SceneTemplate.SceneTemplateAsset:UpdateDependencies ()
UnityEditor.SceneTemplate.SceneTemplateAssetInspectorWindow:UpdateSceneTemplateAsset ()
UnityEditor.SceneTemplate.SceneTemplateAssetInspectorWindow:OnEnable ()
UnityEditor.Editor:CreateEditorWithContext (UnityEngine.Object[],UnityEngine.Object,System.Type)
UnityEditor.Editor:CreateEditor (UnityEngine.Object,System.Type)
UnityEditor.Editor:CreateEditor (UnityEngine.Object)
UnityEditor.AssetPreviewUpdater:CreatePreview (UnityEngine.Object,UnityEngine.Object[],string,int,int)
UnityEditor.AssetPreviewUpdater:CreatePreviewForAsset (UnityEngine.Object,UnityEngine.Object[],string)

[C:\build\output\unity\unity\Modules\AssetDatabase\Editor\Public\AssetDatabasePreventExecution.cpp line 39]

UnityException: Calls to "AssetDatabase.SaveAssets" are restricted during asset importing. 
  at (wrapper managed-to-native) UnityEditor.AssetDatabase.SaveAssets()
  at UnityEditor.SceneTemplate.SceneTemplateAsset.UpdateDependencies () [0x00109] in <8bf34f793fd9440f9c8eb0dda774d246>:0 
  at UnityEditor.SceneTemplate.SceneTemplateAssetInspectorWindow.UpdateSceneTemplateAsset () [0x00012] in <8bf34f793fd9440f9c8eb0dda774d246>:0 
  at UnityEditor.SceneTemplate.SceneTemplateAssetInspectorWindow.OnEnable () [0x00011] in <8bf34f793fd9440f9c8eb0dda774d246>:0 
UnityEditor.Editor:CreateEditorWithContextInternal(Object[], Object, Type)
UnityEditor.Editor:CreateEditorWithContext(Object[], Object, Type)
UnityEditor.Editor:CreateEditor(Object, Type)
UnityEditor.Editor:CreateEditor(Object)
UnityEditor.AssetPreviewUpdater:CreatePreview(Object, Object[], String, Int32, Int32)
UnityEditor.AssetPreviewUpdater:CreatePreviewForAsset(Object, Object[], String)

[PhysX] Initialized MultithreadedTaskDispatcher with 16 workers.
 -> (artifact id: 'a7540d8cd0117a89503ecf55fad6c749') in 0.188383 seconds
Number of updated asset objects reloaded before import = 0
Number of asset objects unloaded after import = 563
========================================================================
Received Import Request.
  Time since last request: 8.018370 seconds.
  path: Assets/Scenes/Temple.unity
  artifactKey: Guid(9d992bbef2d584946a9211d61ca2a759) Importer(815301076,1909f56bfc062723c751e8b465ee728b)
Start importing Assets/Scenes/Temple.unity using Guid(9d992bbef2d584946a9211d61ca2a759) Importer(815301076,1909f56bfc062723c751e8b465ee728b) [PhysX] Initialized MultithreadedTaskDispatcher with 16 workers.
 -> (artifact id: '3c38c7c2cdd4d74cd563910162730c90') in 0.000821 seconds
Number of updated asset objects reloaded before import = 0
Number of asset objects unloaded after import = 0
========================================================================
Received Import Request.
  Time since last request: 18.407146 seconds.
  path: Assets/Scenes/Temple
  artifactKey: Guid(9af0e519d49ed084a8a3db6e02e5d26f) Importer(815301076,1909f56bfc062723c751e8b465ee728b)
Start importing Assets/Scenes/Temple using Guid(9af0e519d49ed084a8a3db6e02e5d26f) Importer(815301076,1909f56bfc062723c751e8b465ee728b) [PhysX] Initialized MultithreadedTaskDispatcher with 16 workers.
 -> (artifact id: '21e80a92c73627d87e668d4a99ace404') in 0.000584 seconds
Number of updated asset objects reloaded before import = 0
Number of asset objects unloaded after import = 0
========================================================================
Received Import Request.
  Time since last request: 0.083623 seconds.
  path: Assets/Scenes/Temple/5.prefab
  artifactKey: Guid(ee7a6bb7683006b4b8d4412ab6cceaa6) Importer(815301076,1909f56bfc062723c751e8b465ee728b)
Start importing Assets/Scenes/Temple/5.prefab using Guid(ee7a6bb7683006b4b8d4412ab6cceaa6) Importer(815301076,1909f56bfc062723c751e8b465ee728b) [PhysX] Initialized MultithreadedTaskDispatcher with 16 workers.
[PhysX] Initialized MultithreadedTaskDispatcher with 16 workers.
 -> (artifact id: '895406f48e80075558dcbedd598e8b91') in 0.036153 seconds
Number of updated asset objects reloaded before import = 0
Number of asset objects unloaded after import = 7
========================================================================
Received Import Request.
  Time since last request: 0.000015 seconds.
  path: Assets/Scenes/Temple/Cell.prefab
  artifactKey: Guid(9c214a832b5e05642a14eea691a30ba8) Importer(815301076,1909f56bfc062723c751e8b465ee728b)
Start importing Assets/Scenes/Temple/Cell.prefab using Guid(9c214a832b5e05642a14eea691a30ba8) Importer(815301076,1909f56bfc062723c751e8b465ee728b) [PhysX] Initialized MultithreadedTaskDispatcher with 16 workers.
[PhysX] Initialized MultithreadedTaskDispatcher with 16 workers.
 -> (artifact id: '3099c3fe87cdf7cd3d34b48d2e22e559') in 0.042726 seconds
Number of updated asset objects reloaded before import = 0
Number of asset objects unloaded after import = 20
========================================================================
Received Import Request.
  Time since last request: 0.000018 seconds.
  path: Assets/Scenes/Temple/8.prefab
  artifactKey: Guid(5f50609219fa09e41acb89a97243ce12) Importer(815301076,1909f56bfc062723c751e8b465ee728b)
Start importing Assets/Scenes/Temple/8.prefab using Guid(5f50609219fa09e41acb89a97243ce12) Importer(815301076,1909f56bfc062723c751e8b465ee728b) [PhysX] Initialized MultithreadedTaskDispatcher with 16 workers.
[PhysX] Initialized MultithreadedTaskDispatcher with 16 workers.
 -> (artifact id: '3fba4cb29dfcc88f0423f975bd8f7a83') in 0.022189 seconds
Number of updated asset objects reloaded before import = 0
Number of asset objects unloaded after import = 7
========================================================================
Received Import Request.
  Time since last request: 0.000021 seconds.
  path: Assets/Scenes/Temple/CellTexture.png
  artifactKey: Guid(656033da825ace64ca1b61f69723827d) Importer(815301076,1909f56bfc062723c751e8b465ee728b)
Start importing Assets/Scenes/Temple/CellTexture.png using Guid(656033da825ace64ca1b61f69723827d) Importer(815301076,1909f56bfc062723c751e8b465ee728b) [PhysX] Initialized MultithreadedTaskDispatcher with 16 workers.
[PhysX] Initialized MultithreadedTaskDispatcher with 16 workers.
 -> (artifact id: 'eef72d92abaae025953a5b01bb0b787b') in 0.028768 seconds
Number of updated asset objects reloaded before import = 0
Number of asset objects unloaded after import = 2
========================================================================
Received Import Request.
  Time since last request: 0.000028 seconds.
  path: Assets/Scenes/Temple/Explosion.prefab
  artifactKey: Guid(50223a4b0266ff547917f84467f063d2) Importer(815301076,1909f56bfc062723c751e8b465ee728b)
Start importing Assets/Scenes/Temple/Explosion.prefab using Guid(50223a4b0266ff547917f84467f063d2) Importer(815301076,1909f56bfc062723c751e8b465ee728b) [PhysX] Initialized MultithreadedTaskDispatcher with 16 workers.
[PhysX] Initialized MultithreadedTaskDispatcher with 16 workers.
 -> (artifact id: '0ca9dbc7a8127e3ffc9278ed0cc464c4') in 0.031008 seconds
Number of updated asset objects reloaded before import = 0
Number of asset objects unloaded after import = 8
========================================================================
Received Import Request.
  Time since last request: 0.000017 seconds.
  path: Assets/Scenes/Temple/Hidden.mat
  artifactKey: Guid(5568d9a46653521448bacc004d649226) Importer(815301076,1909f56bfc062723c751e8b465ee728b)
Start importing Assets/Scenes/Temple/Hidden.mat using Guid(5568d9a46653521448bacc004d649226) Importer(815301076,1909f56bfc062723c751e8b465ee728b) [PhysX] Initialized MultithreadedTaskDispatcher with 16 workers.
[PhysX] Initialized MultithreadedTaskDispatcher with 16 workers.
 -> (artifact id: 'e2fdd46f5aad9a4f78672823c010ac12') in 0.037874 seconds
Number of updated asset objects reloaded before import = 0
Number of asset objects unloaded after import = 2
========================================================================
Received Import Request.
  Time since last request: 0.000020 seconds.
  path: Assets/Scenes/Temple/7.prefab
  artifactKey: Guid(95db6f07074155a4aa46786f19e61f16) Importer(815301076,1909f56bfc062723c751e8b465ee728b)
Start importing Assets/Scenes/Temple/7.prefab using Guid(95db6f07074155a4aa46786f19e61f16) Importer(815301076,1909f56bfc062723c751e8b465ee728b) [PhysX] Initialized MultithreadedTaskDispatcher with 16 workers.
[PhysX] Initialized MultithreadedTaskDispatcher with 16 workers.
 -> (artifact id: '59751c40aff0a3e16d0e5e516e0e88f1') in 0.023670 seconds
Number of updated asset objects reloaded before import = 0
Number of asset objects unloaded after import = 7
========================================================================
Received Import Request.
  Time since last request: 0.000025 seconds.
  path: Assets/Scenes/Temple/Chevron.prefab
  artifactKey: Guid(5b0fb25d5705c544f99faa75adec1930) Importer(815301076,1909f56bfc062723c751e8b465ee728b)
Start importing Assets/Scenes/Temple/Chevron.prefab using Guid(5b0fb25d5705c544f99faa75adec1930) Importer(815301076,1909f56bfc062723c751e8b465ee728b) [PhysX] Initialized MultithreadedTaskDispatcher with 16 workers.
[PhysX] Initialized MultithreadedTaskDispatcher with 16 workers.
 -> (artifact id: 'a015d54719fb4a0e8b150d5f434ed129') in 0.023896 seconds
Number of updated asset objects reloaded before import = 0
Number of asset objects unloaded after import = 50
========================================================================
Received Import Request.
  Time since last request: 0.000016 seconds.
  path: Assets/Scenes/Temple/GameMaster Variant.prefab
  artifactKey: Guid(dd39e21ff78e7bb4fbdc22426675921c) Importer(815301076,1909f56bfc062723c751e8b465ee728b)
Start importing Assets/Scenes/Temple/GameMaster Variant.prefab using Guid(dd39e21ff78e7bb4fbdc22426675921c) Importer(815301076,1909f56bfc062723c751e8b465ee728b) [PhysX] Initialized MultithreadedTaskDispatcher with 16 workers.
[PhysX] Initialized MultithreadedTaskDispatcher with 16 workers.
 -> (artifact id: 'f4be07fd66d9b4e2f59e19e0dbd8e6b7') in 0.032801 seconds
Number of updated asset objects reloaded before import = 0
Number of asset objects unloaded after import = 90
========================================================================
Received Import Request.
  Time since last request: 0.527767 seconds.
  path: Assets/Scenes/Temple/Mine.prefab
  artifactKey: Guid(6bd56a4617e38f94db2197bd6b62f5c3) Importer(815301076,1909f56bfc062723c751e8b465ee728b)
Start importing Assets/Scenes/Temple/Mine.prefab using Guid(6bd56a4617e38f94db2197bd6b62f5c3) Importer(815301076,1909f56bfc062723c751e8b465ee728b) [PhysX] Initialized MultithreadedTaskDispatcher with 16 workers.
[PhysX] Initialized MultithreadedTaskDispatcher with 16 workers.
 -> (artifact id: '6a6d5b493311ae7d2268dfee502687ac') in 0.058310 seconds
Number of updated asset objects reloaded before import = 0
Number of asset objects unloaded after import = 32
========================================================================
Received Import Request.
  Time since last request: 0.000045 seconds.
  path: Assets/Scenes/Temple/StartCell.mat
  artifactKey: Guid(aa1841563f12d1a4da41715e9b0ce299) Importer(815301076,1909f56bfc062723c751e8b465ee728b)
Start importing Assets/Scenes/Temple/StartCell.mat using Guid(aa1841563f12d1a4da41715e9b0ce299) Importer(815301076,1909f56bfc062723c751e8b465ee728b) [PhysX] Initialized MultithreadedTaskDispatcher with 16 workers.
[PhysX] Initialized MultithreadedTaskDispatcher with 16 workers.
 -> (artifact id: 'aa06d3769b66e030e393f39d5b6f4ec9') in 0.035261 seconds
Number of updated asset objects reloaded before import = 0
Number of asset objects unloaded after import = 2
========================================================================
Received Import Request.
  Time since last request: 0.000042 seconds.
  path: Assets/Scenes/Temple/Player skin.mat
  artifactKey: Guid(dbf6bf895714be64893f87bab12acf45) Importer(815301076,1909f56bfc062723c751e8b465ee728b)
Start importing Assets/Scenes/Temple/Player skin.mat using Guid(dbf6bf895714be64893f87bab12acf45) Importer(815301076,1909f56bfc062723c751e8b465ee728b) [PhysX] Initialized MultithreadedTaskDispatcher with 16 workers.
[PhysX] Initialized MultithreadedTaskDispatcher with 16 workers.
 -> (artifact id: '444c3b15f6bfee47b08f17fb90efe341') in 0.030870 seconds
Number of updated asset objects reloaded before import = 0
Number of asset objects unloaded after import = 1
========================================================================
Received Import Request.
  Time since last request: 0.000028 seconds.
  path: Assets/Scenes/Temple/Teleporter Variant.prefab
  artifactKey: Guid(d2a51158391e3864bb71e64cf36c1c06) Importer(815301076,1909f56bfc062723c751e8b465ee728b)
Start importing Assets/Scenes/Temple/Teleporter Variant.prefab using Guid(d2a51158391e3864bb71e64cf36c1c06) Importer(815301076,1909f56bfc062723c751e8b465ee728b) [PhysX] Initialized MultithreadedTaskDispatcher with 16 workers.
[PhysX] Initialized MultithreadedTaskDispatcher with 16 workers.
 -> (artifact id: 'ef8806e1f83534745cd8c5e5a7fb7c4c') in 0.036403 seconds
Number of updated asset objects reloaded before import = 0
Number of asset objects unloaded after import = 43
========================================================================
Received Import Request.
  Time since last request: 16.803175 seconds.
  path: Assets/Scenes/Basic Scene.scenetemplate
  artifactKey: Guid(53000055ed4402440aa71c7019eaaaf9) Importer(815301076,1909f56bfc062723c751e8b465ee728b)
Start importing Assets/Scenes/Basic Scene.scenetemplate using Guid(53000055ed4402440aa71c7019eaaaf9) Importer(815301076,1909f56bfc062723c751e8b465ee728b) [PhysX] Initialized MultithreadedTaskDispatcher with 16 workers.
[PhysX] Initialized MultithreadedTaskDispatcher with 16 workers.
 -> (artifact id: '5650e736001b359b7320e88f3cd64572') in 0.197828 seconds
Number of updated asset objects reloaded before import = 0
Number of asset objects unloaded after import = 563
========================================================================
Received Prepare
Caller must complete domain reload
Begin MonoManager ReloadAssembly
- Loaded All Assemblies, in  0.384 seconds
Native extension for WindowsStandalone target not found
Native extension for WebGL target not found
Mono: successfully reloaded assembly
- Finished resetting the current domain, in  0.891 seconds
Domain Reload Profiling: 1273ms
	BeginReloadAssembly (130ms)
		ExecutionOrderSort (0ms)
		DisableScriptedObjects (7ms)
		BackupInstance (0ms)
		ReleaseScriptingObjects (0ms)
		CreateAndSetChildDomain (26ms)
	RebuildCommonClasses (25ms)
	RebuildNativeTypeToScriptingClass (8ms)
	initialDomainReloadingComplete (25ms)
	LoadAllAssembliesAndSetupDomain (193ms)
		LoadAssemblies (246ms)
		RebuildTransferFunctionScriptingTraits (0ms)
		AnalyzeDomain (13ms)
			TypeCache.Refresh (6ms)
				TypeCache.ScanAssembly (0ms)
			ScanForSourceGeneratedMonoScriptInfo (0ms)
			ResolveRequiredComponents (5ms)
	FinalizeReload (892ms)
		ReleaseScriptCaches (0ms)
		RebuildScriptCaches (0ms)
		SetupLoadedEditorAssemblies (366ms)
			LogAssemblyErrors (0ms)
			InitializePlatformSupportModulesInManaged (6ms)
			SetLoadedEditorAssemblies (4ms)
			RefreshPlugins (0ms)
			BeforeProcessingInitializeOnLoad (60ms)
			ProcessInitializeOnLoadAttributes (260ms)
			ProcessInitializeOnLoadMethodAttributes (29ms)
			AfterProcessingInitializeOnLoad (6ms)
			EditorAssembliesLoaded (0ms)
		ExecutionOrderSort2 (0ms)
		AwakeInstancesAfterBackupRestoration (12ms)
Refreshing native plugins compatible for Editor in 8.34 ms, found 4 plugins.
Preloading 0 native plugins for Editor in 0.00 ms.
Unloading 4128 Unused Serialized files (Serialized files now loaded: 0)
Unloading 26 unused Assets / (32.5 KB). Loaded Objects now: 4811.
Memory consumption went from 162.6 MB to 162.5 MB.
Total: 4.098600 ms (FindLiveObjects: 0.295800 ms CreateObjectMapping: 0.218700 ms MarkObjects: 3.445200 ms  DeleteObjects: 0.137400 ms)

Prepare: number of updated asset objects reloaded= 0
AssetImportParameters requested are different than current active one (requested -> active):
  custom:container-demuxer-ogg: 62fdf1f143b41e24485cea50d1cbac27 -> 
  custom:video-codec-MediaFoundation-h265: 746d11721c4dcdbdad8f713fa42b33f4 -> 
  custom:video-decoder-ogg-theora: a1e56fd34408186e4bbccfd4996cb3dc -> 
  custom:framework-win-MediaFoundation: 216162199b28c13a410421893ffa2e32 -> 
  custom:CustomObjectIndexerAttribute: 9a22284fe3817be447336de3de66b15e -> 
  custom:container-demuxer-webm: 4f35f7cbe854078d1ac9338744f61a02 -> 
  custom:container-muxer-webm: aa71ff27fc2769a1b78a27578f13a17b -> 
  custom:video-decoder-webm-vp8: 9c59270c3fd7afecdb556c50c9e8de78 -> 
  custom:SearchIndexIgnoredProperties: e643bd26f0fe6173181afceb89e7c659 -> 
  custom:AudioImporter_EditorPlatform: d09bf68614088b80899f8185d706f6e7 -> 
  custom:video-encoder-webm-vp8: eb34c28f22e8b96e1ab97ce403110664 -> 
  custom:audio-decoder-ogg-vorbis: bf7c407c2cedff20999df2af8eb42d56 -> 
  custom:audio-encoder-webm-vorbis: bf7c407c2cedff20999df2af8eb42d56 -> 
========================================================================
Received Import Request.
  Time since last request: 166.207955 seconds.
  path: Assets/Prefabs/PlayerUI.prefab
  artifactKey: Guid(5ea641da15d19c54f9b517eea4ad8fcf) Importer(815301076,1909f56bfc062723c751e8b465ee728b)
Start importing Assets/Prefabs/PlayerUI.prefab using Guid(5ea641da15d19c54f9b517eea4ad8fcf) Importer(815301076,1909f56bfc062723c751e8b465ee728b) [PhysX] Initialized MultithreadedTaskDispatcher with 16 workers.
 -> (artifact id: '0e690c5f99ac83065e392329d685a238') in 0.096355 seconds
Number of updated asset objects reloaded before import = 0
Number of asset objects unloaded after import = 338
========================================================================
Received Import Request.
  Time since last request: 9.714817 seconds.
  path: Assets/Prefabs/PlayerUI.prefab
  artifactKey: Guid(5ea641da15d19c54f9b517eea4ad8fcf) Importer(815301076,1909f56bfc062723c751e8b465ee728b)
Start importing Assets/Prefabs/PlayerUI.prefab using Guid(5ea641da15d19c54f9b517eea4ad8fcf) Importer(815301076,1909f56bfc062723c751e8b465ee728b) [PhysX] Initialized MultithreadedTaskDispatcher with 16 workers.
 -> (artifact id: '5a44a15a4f023024d143c7bcc3faf828') in 0.024430 seconds
Number of updated asset objects reloaded before import = 0
Number of asset objects unloaded after import = 338
========================================================================
Received Import Request.
  Time since last request: 14.949693 seconds.
  path: Assets/Scenes/Basic Scene.scenetemplate
  artifactKey: Guid(53000055ed4402440aa71c7019eaaaf9) Importer(815301076,1909f56bfc062723c751e8b465ee728b)
Start importing Assets/Scenes/Basic Scene.scenetemplate using Guid(53000055ed4402440aa71c7019eaaaf9) Importer(815301076,1909f56bfc062723c751e8b465ee728b) [PhysX] Initialized MultithreadedTaskDispatcher with 16 workers.
[PhysX] Initialized MultithreadedTaskDispatcher with 16 workers.
 -> (artifact id: '47646caa450ad66e0190cbd570bea9e3') in 0.261958 seconds
Number of updated asset objects reloaded before import = 0
Number of asset objects unloaded after import = 563
========================================================================
Received Prepare
Caller must complete domain reload
Begin MonoManager ReloadAssembly
- Loaded All Assemblies, in  0.476 seconds
Native extension for WindowsStandalone target not found
Native extension for WebGL target not found
Mono: successfully reloaded assembly
- Finished resetting the current domain, in  0.995 seconds
Domain Reload Profiling: 1469ms
	BeginReloadAssembly (219ms)
		ExecutionOrderSort (0ms)
		DisableScriptedObjects (9ms)
		BackupInstance (0ms)
		ReleaseScriptingObjects (0ms)
		CreateAndSetChildDomain (51ms)
	RebuildCommonClasses (35ms)
	RebuildNativeTypeToScriptingClass (7ms)
	initialDomainReloadingComplete (22ms)
	LoadAllAssembliesAndSetupDomain (190ms)
		LoadAssemblies (295ms)
		RebuildTransferFunctionScriptingTraits (0ms)
		AnalyzeDomain (13ms)
			TypeCache.Refresh (6ms)
				TypeCache.ScanAssembly (0ms)
			ScanForSourceGeneratedMonoScriptInfo (0ms)
			ResolveRequiredComponents (4ms)
	FinalizeReload (996ms)
		ReleaseScriptCaches (0ms)
		RebuildScriptCaches (0ms)
		SetupLoadedEditorAssemblies (378ms)
			LogAssemblyErrors (0ms)
			InitializePlatformSupportModulesInManaged (8ms)
			SetLoadedEditorAssemblies (5ms)
			RefreshPlugins (0ms)
			BeforeProcessingInitializeOnLoad (72ms)
			ProcessInitializeOnLoadAttributes (258ms)
			ProcessInitializeOnLoadMethodAttributes (28ms)
			AfterProcessingInitializeOnLoad (7ms)
			EditorAssembliesLoaded (0ms)
		ExecutionOrderSort2 (0ms)
		AwakeInstancesAfterBackupRestoration (11ms)
Refreshing native plugins compatible for Editor in 7.11 ms, found 4 plugins.
Preloading 0 native plugins for Editor in 0.00 ms.
Unloading 4128 Unused Serialized files (Serialized files now loaded: 0)
Unloading 26 unused Assets / (32.6 KB). Loaded Objects now: 4815.
Memory consumption went from 162.6 MB to 162.5 MB.
Total: 4.041100 ms (FindLiveObjects: 0.265900 ms CreateObjectMapping: 0.159800 ms MarkObjects: 3.496300 ms  DeleteObjects: 0.117900 ms)

Prepare: number of updated asset objects reloaded= 0
AssetImportParameters requested are different than current active one (requested -> active):
  custom:container-demuxer-ogg: 62fdf1f143b41e24485cea50d1cbac27 -> 
  custom:video-codec-MediaFoundation-h265: 746d11721c4dcdbdad8f713fa42b33f4 -> 
  custom:video-decoder-ogg-theora: a1e56fd34408186e4bbccfd4996cb3dc -> 
  custom:framework-win-MediaFoundation: 216162199b28c13a410421893ffa2e32 -> 
  custom:CustomObjectIndexerAttribute: 9a22284fe3817be447336de3de66b15e -> 
  custom:container-demuxer-webm: 4f35f7cbe854078d1ac9338744f61a02 -> 
  custom:container-muxer-webm: aa71ff27fc2769a1b78a27578f13a17b -> 
  custom:video-decoder-webm-vp8: 9c59270c3fd7afecdb556c50c9e8de78 -> 
  custom:SearchIndexIgnoredProperties: e643bd26f0fe6173181afceb89e7c659 -> 
  custom:AudioImporter_EditorPlatform: d09bf68614088b80899f8185d706f6e7 -> 
  custom:video-encoder-webm-vp8: eb34c28f22e8b96e1ab97ce403110664 -> 
  custom:audio-decoder-ogg-vorbis: bf7c407c2cedff20999df2af8eb42d56 -> 
  custom:audio-encoder-webm-vorbis: bf7c407c2cedff20999df2af8eb42d56 -> 
========================================================================
Received Prepare
Caller must complete domain reload
Begin MonoManager ReloadAssembly
- Loaded All Assemblies, in  0.404 seconds
Native extension for WindowsStandalone target not found
Native extension for WebGL target not found
Mono: successfully reloaded assembly
- Finished resetting the current domain, in  0.881 seconds
Domain Reload Profiling: 1282ms
	BeginReloadAssembly (136ms)
		ExecutionOrderSort (0ms)
		DisableScriptedObjects (8ms)
		BackupInstance (0ms)
		ReleaseScriptingObjects (0ms)
		CreateAndSetChildDomain (28ms)
	RebuildCommonClasses (27ms)
	RebuildNativeTypeToScriptingClass (8ms)
	initialDomainReloadingComplete (22ms)
	LoadAllAssembliesAndSetupDomain (208ms)
		LoadAssemblies (260ms)
		RebuildTransferFunctionScriptingTraits (0ms)
		AnalyzeDomain (15ms)
			TypeCache.Refresh (6ms)
				TypeCache.ScanAssembly (0ms)
			ScanForSourceGeneratedMonoScriptInfo (0ms)
			ResolveRequiredComponents (6ms)
	FinalizeReload (882ms)
		ReleaseScriptCaches (0ms)
		RebuildScriptCaches (0ms)
		SetupLoadedEditorAssemblies (363ms)
			LogAssemblyErrors (0ms)
			InitializePlatformSupportModulesInManaged (6ms)
			SetLoadedEditorAssemblies (4ms)
			RefreshPlugins (0ms)
			BeforeProcessingInitializeOnLoad (60ms)
			ProcessInitializeOnLoadAttributes (261ms)
			ProcessInitializeOnLoadMethodAttributes (26ms)
			AfterProcessingInitializeOnLoad (6ms)
			EditorAssembliesLoaded (0ms)
		ExecutionOrderSort2 (0ms)
		AwakeInstancesAfterBackupRestoration (12ms)
Refreshing native plugins compatible for Editor in 8.09 ms, found 4 plugins.
Preloading 0 native plugins for Editor in 0.00 ms.
Unloading 4128 Unused Serialized files (Serialized files now loaded: 0)
Unloading 19 unused Assets / (30.7 KB). Loaded Objects now: 4819.
Memory consumption went from 162.6 MB to 162.5 MB.
Total: 3.364000 ms (FindLiveObjects: 0.242000 ms CreateObjectMapping: 0.166700 ms MarkObjects: 2.897900 ms  DeleteObjects: 0.056500 ms)

Prepare: number of updated asset objects reloaded= 0
AssetImportParameters requested are different than current active one (requested -> active):
  custom:container-demuxer-ogg: 62fdf1f143b41e24485cea50d1cbac27 -> 
  custom:video-codec-MediaFoundation-h265: 746d11721c4dcdbdad8f713fa42b33f4 -> 
  custom:video-decoder-ogg-theora: a1e56fd34408186e4bbccfd4996cb3dc -> 
  custom:framework-win-MediaFoundation: 216162199b28c13a410421893ffa2e32 -> 
  custom:CustomObjectIndexerAttribute: 9a22284fe3817be447336de3de66b15e -> 
  custom:container-demuxer-webm: 4f35f7cbe854078d1ac9338744f61a02 -> 
  custom:container-muxer-webm: aa71ff27fc2769a1b78a27578f13a17b -> 
  custom:video-decoder-webm-vp8: 9c59270c3fd7afecdb556c50c9e8de78 -> 
  custom:SearchIndexIgnoredProperties: e643bd26f0fe6173181afceb89e7c659 -> 
  custom:AudioImporter_EditorPlatform: d09bf68614088b80899f8185d706f6e7 -> 
  custom:video-encoder-webm-vp8: eb34c28f22e8b96e1ab97ce403110664 -> 
  custom:audio-decoder-ogg-vorbis: bf7c407c2cedff20999df2af8eb42d56 -> 
  custom:audio-encoder-webm-vorbis: bf7c407c2cedff20999df2af8eb42d56 -> 
========================================================================
Received Prepare
Caller must complete domain reload
Begin MonoManager ReloadAssembly
- Loaded All Assemblies, in  0.442 seconds
Native extension for WindowsStandalone target not found
Native extension for WebGL target not found
Mono: successfully reloaded assembly
- Finished resetting the current domain, in  0.954 seconds
Domain Reload Profiling: 1393ms
	BeginReloadAssembly (140ms)
		ExecutionOrderSort (0ms)
		DisableScriptedObjects (8ms)
		BackupInstance (0ms)
		ReleaseScriptingObjects (0ms)
		CreateAndSetChildDomain (28ms)
	RebuildCommonClasses (31ms)
	RebuildNativeTypeToScriptingClass (13ms)
	initialDomainReloadingComplete (43ms)
	LoadAllAssembliesAndSetupDomain (212ms)
		LoadAssemblies (264ms)
		RebuildTransferFunctionScriptingTraits (0ms)
		AnalyzeDomain (24ms)
			TypeCache.Refresh (8ms)
				TypeCache.ScanAssembly (0ms)
			ScanForSourceGeneratedMonoScriptInfo (8ms)
			ResolveRequiredComponents (5ms)
	FinalizeReload (954ms)
		ReleaseScriptCaches (0ms)
		RebuildScriptCaches (0ms)
		SetupLoadedEditorAssemblies (316ms)
			LogAssemblyErrors (0ms)
			InitializePlatformSupportModulesInManaged (6ms)
			SetLoadedEditorAssemblies (3ms)
			RefreshPlugins (0ms)
			BeforeProcessingInitializeOnLoad (57ms)
			ProcessInitializeOnLoadAttributes (222ms)
			ProcessInitializeOnLoadMethodAttributes (22ms)
			AfterProcessingInitializeOnLoad (5ms)
			EditorAssembliesLoaded (0ms)
		ExecutionOrderSort2 (0ms)
		AwakeInstancesAfterBackupRestoration (11ms)
Refreshing native plugins compatible for Editor in 7.52 ms, found 4 plugins.
Preloading 0 native plugins for Editor in 0.00 ms.
Unloading 4128 Unused Serialized files (Serialized files now loaded: 0)
Unloading 19 unused Assets / (30.8 KB). Loaded Objects now: 4823.
Memory consumption went from 162.6 MB to 162.5 MB.
Total: 3.416200 ms (FindLiveObjects: 0.270900 ms CreateObjectMapping: 0.173500 ms MarkObjects: 2.922100 ms  DeleteObjects: 0.048700 ms)

Prepare: number of updated asset objects reloaded= 0
AssetImportParameters requested are different than current active one (requested -> active):
  custom:container-demuxer-ogg: 62fdf1f143b41e24485cea50d1cbac27 -> 
  custom:video-codec-MediaFoundation-h265: 746d11721c4dcdbdad8f713fa42b33f4 -> 
  custom:video-decoder-ogg-theora: a1e56fd34408186e4bbccfd4996cb3dc -> 
  custom:framework-win-MediaFoundation: 216162199b28c13a410421893ffa2e32 -> 
  custom:CustomObjectIndexerAttribute: 9a22284fe3817be447336de3de66b15e -> 
  custom:container-demuxer-webm: 4f35f7cbe854078d1ac9338744f61a02 -> 
  custom:container-muxer-webm: aa71ff27fc2769a1b78a27578f13a17b -> 
  custom:video-decoder-webm-vp8: 9c59270c3fd7afecdb556c50c9e8de78 -> 
  custom:SearchIndexIgnoredProperties: e643bd26f0fe6173181afceb89e7c659 -> 
  custom:AudioImporter_EditorPlatform: d09bf68614088b80899f8185d706f6e7 -> 
  custom:video-encoder-webm-vp8: eb34c28f22e8b96e1ab97ce403110664 -> 
  custom:audio-decoder-ogg-vorbis: bf7c407c2cedff20999df2af8eb42d56 -> 
  custom:audio-encoder-webm-vorbis: bf7c407c2cedff20999df2af8eb42d56 -> 
========================================================================
Received Import Request.
  Time since last request: 1090.670218 seconds.
  path: Assets/Prefabs/PlayerUI.prefab
  artifactKey: Guid(5ea641da15d19c54f9b517eea4ad8fcf) Importer(815301076,1909f56bfc062723c751e8b465ee728b)
Start importing Assets/Prefabs/PlayerUI.prefab using Guid(5ea641da15d19c54f9b517eea4ad8fcf) Importer(815301076,1909f56bfc062723c751e8b465ee728b) [PhysX] Initialized MultithreadedTaskDispatcher with 16 workers.
 -> (artifact id: 'da0bca7c68543f27dd7f9ab3e10a6059') in 0.110382 seconds
Number of updated asset objects reloaded before import = 0
Number of asset objects unloaded after import = 338
========================================================================
Received Import Request.
  Time since last request: 3.455768 seconds.
  path: Assets/Prefabs/PlayerUI.prefab
  artifactKey: Guid(5ea641da15d19c54f9b517eea4ad8fcf) Importer(815301076,1909f56bfc062723c751e8b465ee728b)
Start importing Assets/Prefabs/PlayerUI.prefab using Guid(5ea641da15d19c54f9b517eea4ad8fcf) Importer(815301076,1909f56bfc062723c751e8b465ee728b) [PhysX] Initialized MultithreadedTaskDispatcher with 16 workers.
 -> (artifact id: 'add147c1f03225492d549a777d8af991') in 0.041091 seconds
Number of updated asset objects reloaded before import = 0
Number of asset objects unloaded after import = 338
========================================================================
Received Prepare
Caller must complete domain reload
Begin MonoManager ReloadAssembly
- Loaded All Assemblies, in  0.392 seconds
Native extension for WindowsStandalone target not found
Native extension for WebGL target not found
Mono: successfully reloaded assembly
- Finished resetting the current domain, in  0.972 seconds
Domain Reload Profiling: 1362ms
	BeginReloadAssembly (131ms)
		ExecutionOrderSort (0ms)
		DisableScriptedObjects (10ms)
		BackupInstance (0ms)
		ReleaseScriptingObjects (0ms)
		CreateAndSetChildDomain (25ms)
	RebuildCommonClasses (26ms)
	RebuildNativeTypeToScriptingClass (11ms)
	initialDomainReloadingComplete (25ms)
	LoadAllAssembliesAndSetupDomain (196ms)
		LoadAssemblies (250ms)
		RebuildTransferFunctionScriptingTraits (0ms)
		AnalyzeDomain (12ms)
			TypeCache.Refresh (6ms)
				TypeCache.ScanAssembly (0ms)
			ScanForSourceGeneratedMonoScriptInfo (0ms)
			ResolveRequiredComponents (5ms)
	FinalizeReload (973ms)
		ReleaseScriptCaches (0ms)
		RebuildScriptCaches (0ms)
		SetupLoadedEditorAssemblies (380ms)
			LogAssemblyErrors (0ms)
			InitializePlatformSupportModulesInManaged (7ms)
			SetLoadedEditorAssemblies (4ms)
			RefreshPlugins (0ms)
			BeforeProcessingInitializeOnLoad (70ms)
			ProcessInitializeOnLoadAttributes (265ms)
			ProcessInitializeOnLoadMethodAttributes (26ms)
			AfterProcessingInitializeOnLoad (6ms)
			EditorAssembliesLoaded (0ms)
		ExecutionOrderSort2 (0ms)
		AwakeInstancesAfterBackupRestoration (11ms)
Refreshing native plugins compatible for Editor in 8.26 ms, found 4 plugins.
Preloading 0 native plugins for Editor in 0.00 ms.
Unloading 4128 Unused Serialized files (Serialized files now loaded: 0)
Unloading 21 unused Assets / (32.3 KB). Loaded Objects now: 4827.
Memory consumption went from 162.5 MB to 162.5 MB.
Total: 4.060000 ms (FindLiveObjects: 0.261700 ms CreateObjectMapping: 0.199600 ms MarkObjects: 3.533200 ms  DeleteObjects: 0.064300 ms)

Prepare: number of updated asset objects reloaded= 0
AssetImportParameters requested are different than current active one (requested -> active):
  custom:container-demuxer-ogg: 62fdf1f143b41e24485cea50d1cbac27 -> 
  custom:video-codec-MediaFoundation-h265: 746d11721c4dcdbdad8f713fa42b33f4 -> 
  custom:video-decoder-ogg-theora: a1e56fd34408186e4bbccfd4996cb3dc -> 
  custom:framework-win-MediaFoundation: 216162199b28c13a410421893ffa2e32 -> 
  custom:CustomObjectIndexerAttribute: 9a22284fe3817be447336de3de66b15e -> 
  custom:container-demuxer-webm: 4f35f7cbe854078d1ac9338744f61a02 -> 
  custom:container-muxer-webm: aa71ff27fc2769a1b78a27578f13a17b -> 
  custom:video-decoder-webm-vp8: 9c59270c3fd7afecdb556c50c9e8de78 -> 
  custom:SearchIndexIgnoredProperties: e643bd26f0fe6173181afceb89e7c659 -> 
  custom:AudioImporter_EditorPlatform: d09bf68614088b80899f8185d706f6e7 -> 
  custom:video-encoder-webm-vp8: eb34c28f22e8b96e1ab97ce403110664 -> 
  custom:audio-decoder-ogg-vorbis: bf7c407c2cedff20999df2af8eb42d56 -> 
  custom:audio-encoder-webm-vorbis: bf7c407c2cedff20999df2af8eb42d56 -> 
========================================================================
Received Prepare
Caller must complete domain reload
Begin MonoManager ReloadAssembly
- Loaded All Assemblies, in  0.380 seconds
Native extension for WindowsStandalone target not found
Native extension for WebGL target not found
Mono: successfully reloaded assembly
- Finished resetting the current domain, in  0.910 seconds
Domain Reload Profiling: 1287ms
	BeginReloadAssembly (130ms)
		ExecutionOrderSort (0ms)
		DisableScriptedObjects (8ms)
		BackupInstance (0ms)
		ReleaseScriptingObjects (0ms)
		CreateAndSetChildDomain (25ms)
	RebuildCommonClasses (23ms)
	RebuildNativeTypeToScriptingClass (7ms)
	initialDomainReloadingComplete (23ms)
	LoadAllAssembliesAndSetupDomain (192ms)
		LoadAssemblies (247ms)
		RebuildTransferFunctionScriptingTraits (0ms)
		AnalyzeDomain (12ms)
			TypeCache.Refresh (6ms)
				TypeCache.ScanAssembly (0ms)
			ScanForSourceGeneratedMonoScriptInfo (0ms)
			ResolveRequiredComponents (4ms)
	FinalizeReload (910ms)
		ReleaseScriptCaches (0ms)
		RebuildScriptCaches (0ms)
		SetupLoadedEditorAssemblies (375ms)
			LogAssemblyErrors (0ms)
			InitializePlatformSupportModulesInManaged (7ms)
			SetLoadedEditorAssemblies (4ms)
			RefreshPlugins (0ms)
			BeforeProcessingInitializeOnLoad (69ms)
			ProcessInitializeOnLoadAttributes (260ms)
			ProcessInitializeOnLoadMethodAttributes (28ms)
			AfterProcessingInitializeOnLoad (6ms)
			EditorAssembliesLoaded (0ms)
		ExecutionOrderSort2 (0ms)
		AwakeInstancesAfterBackupRestoration (10ms)
Refreshing native plugins compatible for Editor in 7.39 ms, found 4 plugins.
Preloading 0 native plugins for Editor in 0.00 ms.
Unloading 4128 Unused Serialized files (Serialized files now loaded: 0)
Unloading 19 unused Assets / (30.8 KB). Loaded Objects now: 4831.
Memory consumption went from 162.5 MB to 162.5 MB.
Total: 4.303900 ms (FindLiveObjects: 0.407200 ms CreateObjectMapping: 0.183100 ms MarkObjects: 3.660700 ms  DeleteObjects: 0.051600 ms)

Prepare: number of updated asset objects reloaded= 0
AssetImportParameters requested are different than current active one (requested -> active):
  custom:container-demuxer-ogg: 62fdf1f143b41e24485cea50d1cbac27 -> 
  custom:video-codec-MediaFoundation-h265: 746d11721c4dcdbdad8f713fa42b33f4 -> 
  custom:video-decoder-ogg-theora: a1e56fd34408186e4bbccfd4996cb3dc -> 
  custom:framework-win-MediaFoundation: 216162199b28c13a410421893ffa2e32 -> 
  custom:CustomObjectIndexerAttribute: 9a22284fe3817be447336de3de66b15e -> 
  custom:container-demuxer-webm: 4f35f7cbe854078d1ac9338744f61a02 -> 
  custom:container-muxer-webm: aa71ff27fc2769a1b78a27578f13a17b -> 
  custom:video-decoder-webm-vp8: 9c59270c3fd7afecdb556c50c9e8de78 -> 
  custom:SearchIndexIgnoredProperties: e643bd26f0fe6173181afceb89e7c659 -> 
  custom:AudioImporter_EditorPlatform: d09bf68614088b80899f8185d706f6e7 -> 
  custom:video-encoder-webm-vp8: eb34c28f22e8b96e1ab97ce403110664 -> 
  custom:audio-decoder-ogg-vorbis: bf7c407c2cedff20999df2af8eb42d56 -> 
  custom:audio-encoder-webm-vorbis: bf7c407c2cedff20999df2af8eb42d56 -> 
========================================================================
Received Import Request.
  Time since last request: 371.100652 seconds.
  path: Assets/Prefabs/PlayerUI.prefab
  artifactKey: Guid(5ea641da15d19c54f9b517eea4ad8fcf) Importer(815301076,1909f56bfc062723c751e8b465ee728b)
Start importing Assets/Prefabs/PlayerUI.prefab using Guid(5ea641da15d19c54f9b517eea4ad8fcf) Importer(815301076,1909f56bfc062723c751e8b465ee728b) [PhysX] Initialized MultithreadedTaskDispatcher with 16 workers.
 -> (artifact id: '3220f1c46f4290a62b2a7bf341f5cab0') in 0.069350 seconds
Number of updated asset objects reloaded before import = 0
Number of asset objects unloaded after import = 343
========================================================================
Received Import Request.
  Time since last request: 2.591780 seconds.
  path: Assets/Prefabs/PlayerUI.prefab
  artifactKey: Guid(5ea641da15d19c54f9b517eea4ad8fcf) Importer(815301076,1909f56bfc062723c751e8b465ee728b)
Start importing Assets/Prefabs/PlayerUI.prefab using Guid(5ea641da15d19c54f9b517eea4ad8fcf) Importer(815301076,1909f56bfc062723c751e8b465ee728b) [PhysX] Initialized MultithreadedTaskDispatcher with 16 workers.
 -> (artifact id: '44ad7877dc14d9fc029c6d90e6e7d84c') in 0.029882 seconds
Number of updated asset objects reloaded before import = 0
Number of asset objects unloaded after import = 343
========================================================================
Received Import Request.
  Time since last request: 33.550623 seconds.
  path: Assets/Prefabs/PlayerUI.prefab
  artifactKey: Guid(5ea641da15d19c54f9b517eea4ad8fcf) Importer(815301076,1909f56bfc062723c751e8b465ee728b)
Start importing Assets/Prefabs/PlayerUI.prefab using Guid(5ea641da15d19c54f9b517eea4ad8fcf) Importer(815301076,1909f56bfc062723c751e8b465ee728b) [PhysX] Initialized MultithreadedTaskDispatcher with 16 workers.
 -> (artifact id: '564abe6445b823635f3df520745b86d3') in 0.022861 seconds
Number of updated asset objects reloaded before import = 0
Number of asset objects unloaded after import = 342
========================================================================
Received Import Request.
  Time since last request: 4.074261 seconds.
  path: Assets/Prefabs/PlayerUI.prefab
  artifactKey: Guid(5ea641da15d19c54f9b517eea4ad8fcf) Importer(815301076,1909f56bfc062723c751e8b465ee728b)
Start importing Assets/Prefabs/PlayerUI.prefab using Guid(5ea641da15d19c54f9b517eea4ad8fcf) Importer(815301076,1909f56bfc062723c751e8b465ee728b) [PhysX] Initialized MultithreadedTaskDispatcher with 16 workers.
 -> (artifact id: '3700d4888bb01233bb363a535510b216') in 0.021712 seconds
Number of updated asset objects reloaded before import = 0
Number of asset objects unloaded after import = 341
========================================================================
Received Import Request.
  Time since last request: 3.731660 seconds.
  path: Assets/Prefabs/PlayerUI.prefab
  artifactKey: Guid(5ea641da15d19c54f9b517eea4ad8fcf) Importer(815301076,1909f56bfc062723c751e8b465ee728b)
Start importing Assets/Prefabs/PlayerUI.prefab using Guid(5ea641da15d19c54f9b517eea4ad8fcf) Importer(815301076,1909f56bfc062723c751e8b465ee728b) [PhysX] Initialized MultithreadedTaskDispatcher with 16 workers.
 -> (artifact id: '7c85a29c310f2e374d251183e9672d0e') in 0.072938 seconds
Number of updated asset objects reloaded before import = 0
Number of asset objects unloaded after import = 340
========================================================================
Received Import Request.
  Time since last request: 3.697374 seconds.
  path: Assets/Prefabs/PlayerUI.prefab
  artifactKey: Guid(5ea641da15d19c54f9b517eea4ad8fcf) Importer(815301076,1909f56bfc062723c751e8b465ee728b)
Start importing Assets/Prefabs/PlayerUI.prefab using Guid(5ea641da15d19c54f9b517eea4ad8fcf) Importer(815301076,1909f56bfc062723c751e8b465ee728b) [PhysX] Initialized MultithreadedTaskDispatcher with 16 workers.
 -> (artifact id: 'a95de6b16db7a75090a5f78d28508f67') in 0.040007 seconds
Number of updated asset objects reloaded before import = 0
Number of asset objects unloaded after import = 339
========================================================================
Received Import Request.
  Time since last request: 132.719084 seconds.
  path: Assets/Scenes/Basic Scene.scenetemplate
  artifactKey: Guid(53000055ed4402440aa71c7019eaaaf9) Importer(815301076,1909f56bfc062723c751e8b465ee728b)
Start importing Assets/Scenes/Basic Scene.scenetemplate using Guid(53000055ed4402440aa71c7019eaaaf9) Importer(815301076,1909f56bfc062723c751e8b465ee728b) [PhysX] Initialized MultithreadedTaskDispatcher with 16 workers.
[PhysX] Initialized MultithreadedTaskDispatcher with 16 workers.
 -> (artifact id: '44077d849726d0ba1f381f8849d406c2') in 0.221936 seconds
Number of updated asset objects reloaded before import = 0
Number of asset objects unloaded after import = 563
========================================================================
Received Import Request.
  Time since last request: 2.800547 seconds.
  path: Assets/scripts
  artifactKey: Guid(f81d24d889ab83c46be23faf573127a0) Importer(815301076,1909f56bfc062723c751e8b465ee728b)
Start importing Assets/scripts using Guid(f81d24d889ab83c46be23faf573127a0) Importer(815301076,1909f56bfc062723c751e8b465ee728b) [PhysX] Initialized MultithreadedTaskDispatcher with 16 workers.
 -> (artifact id: '026d4dc15a3021f8fa5183266d2ab6ff') in 0.001236 seconds
Number of updated asset objects reloaded before import = 0
Number of asset objects unloaded after import = 0
========================================================================
Received Import Request.
  Time since last request: 29.283208 seconds.
  path: Assets/scripts/leftRight.cs
  artifactKey: Guid(3de10b1af25d7be428faaca71fd7afac) Importer(815301076,1909f56bfc062723c751e8b465ee728b)
Start importing Assets/scripts/leftRight.cs using Guid(3de10b1af25d7be428faaca71fd7afac) Importer(815301076,1909f56bfc062723c751e8b465ee728b) [PhysX] Initialized MultithreadedTaskDispatcher with 16 workers.
 -> (artifact id: '1a0d8a3f67b8efbe0d22caa2703439b3') in 0.000832 seconds
Number of updated asset objects reloaded before import = 0
Number of asset objects unloaded after import = 0
========================================================================
Received Import Request.
  Time since last request: 103.316220 seconds.
  path: Assets/scripts/leftRight.cs
  artifactKey: Guid(3de10b1af25d7be428faaca71fd7afac) Importer(815301076,1909f56bfc062723c751e8b465ee728b)
Start importing Assets/scripts/leftRight.cs using Guid(3de10b1af25d7be428faaca71fd7afac) Importer(815301076,1909f56bfc062723c751e8b465ee728b) [PhysX] Initialized MultithreadedTaskDispatcher with 16 workers.
 -> (artifact id: '2ac2b030061c2cdd229770d2a8da8a2e') in 0.000668 seconds
Number of updated asset objects reloaded before import = 0
Number of asset objects unloaded after import = 0
========================================================================
Received Import Request.
  Time since last request: 77.525449 seconds.
  path: Assets/scripts/leftRight.cs
  artifactKey: Guid(3de10b1af25d7be428faaca71fd7afac) Importer(815301076,1909f56bfc062723c751e8b465ee728b)
Start importing Assets/scripts/leftRight.cs using Guid(3de10b1af25d7be428faaca71fd7afac) Importer(815301076,1909f56bfc062723c751e8b465ee728b) [PhysX] Initialized MultithreadedTaskDispatcher with 16 workers.
 -> (artifact id: 'bc37f3de45b12b1b3c80ead8a0cc82a9') in 0.000723 seconds
Number of updated asset objects reloaded before import = 0
Number of asset objects unloaded after import = 0
========================================================================
Received Prepare
Caller must complete domain reload
Begin MonoManager ReloadAssembly
- Loaded All Assemblies, in  0.421 seconds
Native extension for WindowsStandalone target not found
Native extension for WebGL target not found
Mono: successfully reloaded assembly
- Finished resetting the current domain, in  0.940 seconds
Domain Reload Profiling: 1356ms
	BeginReloadAssembly (135ms)
		ExecutionOrderSort (0ms)
		DisableScriptedObjects (10ms)
		BackupInstance (0ms)
		ReleaseScriptingObjects (0ms)
		CreateAndSetChildDomain (26ms)
	RebuildCommonClasses (29ms)
	RebuildNativeTypeToScriptingClass (9ms)
	initialDomainReloadingComplete (35ms)
	LoadAllAssembliesAndSetupDomain (206ms)
		LoadAssemblies (254ms)
		RebuildTransferFunctionScriptingTraits (0ms)
		AnalyzeDomain (22ms)
			TypeCache.Refresh (8ms)
				TypeCache.ScanAssembly (0ms)
			ScanForSourceGeneratedMonoScriptInfo (8ms)
			ResolveRequiredComponents (4ms)
	FinalizeReload (941ms)
		ReleaseScriptCaches (0ms)
		RebuildScriptCaches (0ms)
		SetupLoadedEditorAssemblies (345ms)
			LogAssemblyErrors (0ms)
			InitializePlatformSupportModulesInManaged (7ms)
			SetLoadedEditorAssemblies (4ms)
			RefreshPlugins (0ms)
			BeforeProcessingInitializeOnLoad (63ms)
			ProcessInitializeOnLoadAttributes (244ms)
			ProcessInitializeOnLoadMethodAttributes (21ms)
			AfterProcessingInitializeOnLoad (6ms)
			EditorAssembliesLoaded (0ms)
		ExecutionOrderSort2 (0ms)
		AwakeInstancesAfterBackupRestoration (10ms)
Refreshing native plugins compatible for Editor in 8.22 ms, found 4 plugins.
Preloading 0 native plugins for Editor in 0.00 ms.
Unloading 4129 Unused Serialized files (Serialized files now loaded: 0)
Unloading 26 unused Assets / (32.7 KB). Loaded Objects now: 4836.
Memory consumption went from 162.6 MB to 162.6 MB.
Total: 3.736000 ms (FindLiveObjects: 0.290500 ms CreateObjectMapping: 0.137000 ms MarkObjects: 3.148500 ms  DeleteObjects: 0.159100 ms)

Prepare: number of updated asset objects reloaded= 0
AssetImportParameters requested are different than current active one (requested -> active):
  custom:container-demuxer-ogg: 62fdf1f143b41e24485cea50d1cbac27 -> 
  custom:video-codec-MediaFoundation-h265: 746d11721c4dcdbdad8f713fa42b33f4 -> 
  custom:video-decoder-ogg-theora: a1e56fd34408186e4bbccfd4996cb3dc -> 
  custom:framework-win-MediaFoundation: 216162199b28c13a410421893ffa2e32 -> 
  custom:CustomObjectIndexerAttribute: 9a22284fe3817be447336de3de66b15e -> 
  custom:container-demuxer-webm: 4f35f7cbe854078d1ac9338744f61a02 -> 
  custom:container-muxer-webm: aa71ff27fc2769a1b78a27578f13a17b -> 
  custom:video-decoder-webm-vp8: 9c59270c3fd7afecdb556c50c9e8de78 -> 
  custom:scripting/monoscript/fileName/leftRight.cs: f8ec8f61f245cd77ce25bbe2b5c124c6 -> 
  custom:SearchIndexIgnoredProperties: e643bd26f0fe6173181afceb89e7c659 -> 
  custom:AudioImporter_EditorPlatform: d09bf68614088b80899f8185d706f6e7 -> 
  custom:video-encoder-webm-vp8: eb34c28f22e8b96e1ab97ce403110664 -> 
  custom:audio-decoder-ogg-vorbis: bf7c407c2cedff20999df2af8eb42d56 -> 
  custom:audio-encoder-webm-vorbis: bf7c407c2cedff20999df2af8eb42d56 -> 
  custom:scripting/precompiled-assembly-types:Assembly-CSharp: 7bbd880ac58b1258f047064f14cbb0e9 -> 124c1a73a79abe1cc2eb3cf98fea39d5
========================================================================
Received Import Request.
  Time since last request: 15.199345 seconds.
  path: Assets/scripts/leftRight.cs
  artifactKey: Guid(3de10b1af25d7be428faaca71fd7afac) Importer(815301076,1909f56bfc062723c751e8b465ee728b)
Start importing Assets/scripts/leftRight.cs using Guid(3de10b1af25d7be428faaca71fd7afac) Importer(815301076,1909f56bfc062723c751e8b465ee728b) [PhysX] Initialized MultithreadedTaskDispatcher with 16 workers.
 -> (artifact id: 'b1769dfbc6b37252264f2716f6cc35d1') in 0.003689 seconds
Number of updated asset objects reloaded before import = 0
Number of asset objects unloaded after import = 0
========================================================================
Received Import Request.
  Time since last request: 36.033998 seconds.
  path: Assets/scripts/tutorialPanel.cs
  artifactKey: Guid(931251a5b66fb4a4882dc92b06e32ea5) Importer(815301076,1909f56bfc062723c751e8b465ee728b)
Start importing Assets/scripts/tutorialPanel.cs using Guid(931251a5b66fb4a4882dc92b06e32ea5) Importer(815301076,1909f56bfc062723c751e8b465ee728b) [PhysX] Initialized MultithreadedTaskDispatcher with 16 workers.
 -> (artifact id: '7caff3d82bfccf4f613ede935492e655') in 0.000880 seconds
Number of updated asset objects reloaded before import = 0
Number of asset objects unloaded after import = 0
========================================================================
Received Import Request.
  Time since last request: 23.426988 seconds.
  path: Assets/scripts/tutorialPanel.cs
  artifactKey: Guid(931251a5b66fb4a4882dc92b06e32ea5) Importer(815301076,1909f56bfc062723c751e8b465ee728b)
Start importing Assets/scripts/tutorialPanel.cs using Guid(931251a5b66fb4a4882dc92b06e32ea5) Importer(815301076,1909f56bfc062723c751e8b465ee728b) [PhysX] Initialized MultithreadedTaskDispatcher with 16 workers.
 -> (artifact id: 'd073557d76402567d0659b63c2a2bdec') in 0.000555 seconds
Number of updated asset objects reloaded before import = 0
Number of asset objects unloaded after import = 0
========================================================================
Received Prepare
Caller must complete domain reload
Begin MonoManager ReloadAssembly
- Loaded All Assemblies, in  0.400 seconds
Native extension for WindowsStandalone target not found
Native extension for WebGL target not found
Mono: successfully reloaded assembly
- Finished resetting the current domain, in  0.883 seconds
Domain Reload Profiling: 1280ms
	BeginReloadAssembly (129ms)
		ExecutionOrderSort (0ms)
		DisableScriptedObjects (9ms)
		BackupInstance (0ms)
		ReleaseScriptingObjects (0ms)
		CreateAndSetChildDomain (24ms)
	RebuildCommonClasses (30ms)
	RebuildNativeTypeToScriptingClass (8ms)
	initialDomainReloadingComplete (25ms)
	LoadAllAssembliesAndSetupDomain (205ms)
		LoadAssemblies (247ms)
		RebuildTransferFunctionScriptingTraits (0ms)
		AnalyzeDomain (26ms)
			TypeCache.Refresh (10ms)
				TypeCache.ScanAssembly (0ms)
			ScanForSourceGeneratedMonoScriptInfo (8ms)
			ResolveRequiredComponents (6ms)
	FinalizeReload (884ms)
		ReleaseScriptCaches (0ms)
		RebuildScriptCaches (0ms)
		SetupLoadedEditorAssemblies (306ms)
			LogAssemblyErrors (0ms)
			InitializePlatformSupportModulesInManaged (5ms)
			SetLoadedEditorAssemblies (4ms)
			RefreshPlugins (0ms)
			BeforeProcessingInitializeOnLoad (56ms)
			ProcessInitializeOnLoadAttributes (214ms)
			ProcessInitializeOnLoadMethodAttributes (22ms)
			AfterProcessingInitializeOnLoad (5ms)
			EditorAssembliesLoaded (0ms)
		ExecutionOrderSort2 (0ms)
		AwakeInstancesAfterBackupRestoration (17ms)
Refreshing native plugins compatible for Editor in 7.84 ms, found 4 plugins.
Preloading 0 native plugins for Editor in 0.00 ms.
Unloading 4129 Unused Serialized files (Serialized files now loaded: 0)
Unloading 19 unused Assets / (30.9 KB). Loaded Objects now: 4840.
Memory consumption went from 162.5 MB to 162.5 MB.
Total: 3.479800 ms (FindLiveObjects: 0.258400 ms CreateObjectMapping: 0.139000 ms MarkObjects: 3.034300 ms  DeleteObjects: 0.047000 ms)

Prepare: number of updated asset objects reloaded= 0
AssetImportParameters requested are different than current active one (requested -> active):
  custom:container-demuxer-ogg: 62fdf1f143b41e24485cea50d1cbac27 -> 
  custom:video-codec-MediaFoundation-h265: 746d11721c4dcdbdad8f713fa42b33f4 -> 
  custom:video-decoder-ogg-theora: a1e56fd34408186e4bbccfd4996cb3dc -> 
  custom:framework-win-MediaFoundation: 216162199b28c13a410421893ffa2e32 -> 
  custom:CustomObjectIndexerAttribute: 9a22284fe3817be447336de3de66b15e -> 
  custom:container-demuxer-webm: 4f35f7cbe854078d1ac9338744f61a02 -> 
  custom:container-muxer-webm: aa71ff27fc2769a1b78a27578f13a17b -> 
  custom:video-decoder-webm-vp8: 9c59270c3fd7afecdb556c50c9e8de78 -> 
  custom:scripting/monoscript/fileName/leftRight.cs: f8ec8f61f245cd77ce25bbe2b5c124c6 -> 
  custom:SearchIndexIgnoredProperties: e643bd26f0fe6173181afceb89e7c659 -> 
  custom:AudioImporter_EditorPlatform: d09bf68614088b80899f8185d706f6e7 -> 
  custom:video-encoder-webm-vp8: eb34c28f22e8b96e1ab97ce403110664 -> 
  custom:audio-decoder-ogg-vorbis: bf7c407c2cedff20999df2af8eb42d56 -> 
  custom:audio-encoder-webm-vorbis: bf7c407c2cedff20999df2af8eb42d56 -> 
  custom:scripting/precompiled-assembly-types:Assembly-CSharp: 7bbd880ac58b1258f047064f14cbb0e9 -> 124c1a73a79abe1cc2eb3cf98fea39d5
========================================================================
Received Prepare
Caller must complete domain reload
Begin MonoManager ReloadAssembly
- Loaded All Assemblies, in  0.379 seconds
Native extension for WindowsStandalone target not found
Native extension for WebGL target not found
Mono: successfully reloaded assembly
- Finished resetting the current domain, in  0.915 seconds
Domain Reload Profiling: 1291ms
	BeginReloadAssembly (127ms)
		ExecutionOrderSort (0ms)
		DisableScriptedObjects (8ms)
		BackupInstance (0ms)
		ReleaseScriptingObjects (0ms)
		CreateAndSetChildDomain (23ms)
	RebuildCommonClasses (25ms)
	RebuildNativeTypeToScriptingClass (7ms)
	initialDomainReloadingComplete (25ms)
	LoadAllAssembliesAndSetupDomain (191ms)
		LoadAssemblies (248ms)
		RebuildTransferFunctionScriptingTraits (0ms)
		AnalyzeDomain (12ms)
			TypeCache.Refresh (6ms)
				TypeCache.ScanAssembly (0ms)
			ScanForSourceGeneratedMonoScriptInfo (0ms)
			ResolveRequiredComponents (5ms)
	FinalizeReload (915ms)
		ReleaseScriptCaches (0ms)
		RebuildScriptCaches (0ms)
		SetupLoadedEditorAssemblies (378ms)
			LogAssemblyErrors (0ms)
			InitializePlatformSupportModulesInManaged (7ms)
			SetLoadedEditorAssemblies (4ms)
			RefreshPlugins (0ms)
			BeforeProcessingInitializeOnLoad (67ms)
			ProcessInitializeOnLoadAttributes (268ms)
			ProcessInitializeOnLoadMethodAttributes (26ms)
			AfterProcessingInitializeOnLoad (6ms)
			EditorAssembliesLoaded (0ms)
		ExecutionOrderSort2 (0ms)
		AwakeInstancesAfterBackupRestoration (11ms)
Refreshing native plugins compatible for Editor in 8.06 ms, found 4 plugins.
Preloading 0 native plugins for Editor in 0.00 ms.
Unloading 4129 Unused Serialized files (Serialized files now loaded: 0)
Unloading 19 unused Assets / (30.8 KB). Loaded Objects now: 4844.
Memory consumption went from 162.5 MB to 162.5 MB.
Total: 3.727800 ms (FindLiveObjects: 0.323400 ms CreateObjectMapping: 0.147700 ms MarkObjects: 3.200300 ms  DeleteObjects: 0.055100 ms)

Prepare: number of updated asset objects reloaded= 0
AssetImportParameters requested are different than current active one (requested -> active):
  custom:container-demuxer-ogg: 62fdf1f143b41e24485cea50d1cbac27 -> 
  custom:video-codec-MediaFoundation-h265: 746d11721c4dcdbdad8f713fa42b33f4 -> 
  custom:video-decoder-ogg-theora: a1e56fd34408186e4bbccfd4996cb3dc -> 
  custom:framework-win-MediaFoundation: 216162199b28c13a410421893ffa2e32 -> 
  custom:CustomObjectIndexerAttribute: 9a22284fe3817be447336de3de66b15e -> 
  custom:container-demuxer-webm: 4f35f7cbe854078d1ac9338744f61a02 -> 
  custom:container-muxer-webm: aa71ff27fc2769a1b78a27578f13a17b -> 
  custom:video-decoder-webm-vp8: 9c59270c3fd7afecdb556c50c9e8de78 -> 
  custom:scripting/monoscript/fileName/leftRight.cs: f8ec8f61f245cd77ce25bbe2b5c124c6 -> 
  custom:SearchIndexIgnoredProperties: e643bd26f0fe6173181afceb89e7c659 -> 
  custom:AudioImporter_EditorPlatform: d09bf68614088b80899f8185d706f6e7 -> 
  custom:video-encoder-webm-vp8: eb34c28f22e8b96e1ab97ce403110664 -> 
  custom:audio-decoder-ogg-vorbis: bf7c407c2cedff20999df2af8eb42d56 -> 
  custom:audio-encoder-webm-vorbis: bf7c407c2cedff20999df2af8eb42d56 -> 
  custom:scripting/precompiled-assembly-types:Assembly-CSharp: 7bbd880ac58b1258f047064f14cbb0e9 -> 124c1a73a79abe1cc2eb3cf98fea39d5
========================================================================
Received Import Request.
  Time since last request: 262.091161 seconds.
  path: Assets/Prefabs/PlayerUI.prefab
  artifactKey: Guid(5ea641da15d19c54f9b517eea4ad8fcf) Importer(815301076,1909f56bfc062723c751e8b465ee728b)
Start importing Assets/Prefabs/PlayerUI.prefab using Guid(5ea641da15d19c54f9b517eea4ad8fcf) Importer(815301076,1909f56bfc062723c751e8b465ee728b) [PhysX] Initialized MultithreadedTaskDispatcher with 16 workers.
 -> (artifact id: '79f416e6d28b929d412b877552ab3308') in 0.100804 seconds
Number of updated asset objects reloaded before import = 0
Number of asset objects unloaded after import = 361
========================================================================
Received Import Request.
  Time since last request: 2.252080 seconds.
  path: Assets/Prefabs/PlayerUI.prefab
  artifactKey: Guid(5ea641da15d19c54f9b517eea4ad8fcf) Importer(815301076,1909f56bfc062723c751e8b465ee728b)
Start importing Assets/Prefabs/PlayerUI.prefab using Guid(5ea641da15d19c54f9b517eea4ad8fcf) Importer(815301076,1909f56bfc062723c751e8b465ee728b) [PhysX] Initialized MultithreadedTaskDispatcher with 16 workers.
 -> (artifact id: 'e88821cb3e7c8b8002cf174d7dcf6aa6') in 0.024483 seconds
Number of updated asset objects reloaded before import = 0
Number of asset objects unloaded after import = 361
========================================================================
Received Import Request.
  Time since last request: 8.351294 seconds.
  path: Assets/Prefabs/PlayerUI.prefab
  artifactKey: Guid(5ea641da15d19c54f9b517eea4ad8fcf) Importer(815301076,1909f56bfc062723c751e8b465ee728b)
Start importing Assets/Prefabs/PlayerUI.prefab using Guid(5ea641da15d19c54f9b517eea4ad8fcf) Importer(815301076,1909f56bfc062723c751e8b465ee728b) [PhysX] Initialized MultithreadedTaskDispatcher with 16 workers.
 -> (artifact id: 'f137824dca6d58f89f057ee7358c3c9c') in 0.038794 seconds
Number of updated asset objects reloaded before import = 0
Number of asset objects unloaded after import = 361
========================================================================
Received Import Request.
  Time since last request: 36.626216 seconds.
  path: Assets/Scenes/Basic Scene.scenetemplate
  artifactKey: Guid(53000055ed4402440aa71c7019eaaaf9) Importer(815301076,1909f56bfc062723c751e8b465ee728b)
Start importing Assets/Scenes/Basic Scene.scenetemplate using Guid(53000055ed4402440aa71c7019eaaaf9) Importer(815301076,1909f56bfc062723c751e8b465ee728b) [PhysX] Initialized MultithreadedTaskDispatcher with 16 workers.
[PhysX] Initialized MultithreadedTaskDispatcher with 16 workers.
 -> (artifact id: '453fbc45648939021d372ab10cfe9b3c') in 0.199810 seconds
Number of updated asset objects reloaded before import = 0
Number of asset objects unloaded after import = 586
========================================================================
Received Prepare
Caller must complete domain reload
Begin MonoManager ReloadAssembly
- Loaded All Assemblies, in  0.423 seconds
Native extension for WindowsStandalone target not found
Native extension for WebGL target not found
Mono: successfully reloaded assembly
- Finished resetting the current domain, in  0.900 seconds
Domain Reload Profiling: 1320ms
	BeginReloadAssembly (172ms)
		ExecutionOrderSort (0ms)
		DisableScriptedObjects (8ms)
		BackupInstance (0ms)
		ReleaseScriptingObjects (0ms)
		CreateAndSetChildDomain (27ms)
	RebuildCommonClasses (23ms)
	RebuildNativeTypeToScriptingClass (8ms)
	initialDomainReloadingComplete (25ms)
	LoadAllAssembliesAndSetupDomain (192ms)
		LoadAssemblies (287ms)
		RebuildTransferFunctionScriptingTraits (0ms)
		AnalyzeDomain (12ms)
			TypeCache.Refresh (5ms)
				TypeCache.ScanAssembly (0ms)
			ScanForSourceGeneratedMonoScriptInfo (0ms)
			ResolveRequiredComponents (4ms)
	FinalizeReload (901ms)
		ReleaseScriptCaches (0ms)
		RebuildScriptCaches (0ms)
		SetupLoadedEditorAssemblies (368ms)
			LogAssemblyErrors (0ms)
			InitializePlatformSupportModulesInManaged (7ms)
			SetLoadedEditorAssemblies (5ms)
			RefreshPlugins (0ms)
			BeforeProcessingInitializeOnLoad (64ms)
			ProcessInitializeOnLoadAttributes (258ms)
			ProcessInitializeOnLoadMethodAttributes (27ms)
			AfterProcessingInitializeOnLoad (7ms)
			EditorAssembliesLoaded (0ms)
		ExecutionOrderSort2 (0ms)
		AwakeInstancesAfterBackupRestoration (10ms)
Refreshing native plugins compatible for Editor in 8.64 ms, found 4 plugins.
Preloading 0 native plugins for Editor in 0.00 ms.
Unloading 4129 Unused Serialized files (Serialized files now loaded: 0)
Unloading 26 unused Assets / (32.6 KB). Loaded Objects now: 4848.
Memory consumption went from 162.6 MB to 162.6 MB.
Total: 4.295300 ms (FindLiveObjects: 0.414400 ms CreateObjectMapping: 0.162300 ms MarkObjects: 3.469600 ms  DeleteObjects: 0.247700 ms)

Prepare: number of updated asset objects reloaded= 0
AssetImportParameters requested are different than current active one (requested -> active):
  custom:container-demuxer-ogg: 62fdf1f143b41e24485cea50d1cbac27 -> 
  custom:video-codec-MediaFoundation-h265: 746d11721c4dcdbdad8f713fa42b33f4 -> 
  custom:video-decoder-ogg-theora: a1e56fd34408186e4bbccfd4996cb3dc -> 
  custom:framework-win-MediaFoundation: 216162199b28c13a410421893ffa2e32 -> 
  custom:CustomObjectIndexerAttribute: 9a22284fe3817be447336de3de66b15e -> 
  custom:container-demuxer-webm: 4f35f7cbe854078d1ac9338744f61a02 -> 
  custom:container-muxer-webm: aa71ff27fc2769a1b78a27578f13a17b -> 
  custom:video-decoder-webm-vp8: 9c59270c3fd7afecdb556c50c9e8de78 -> 
  custom:scripting/monoscript/fileName/leftRight.cs: f8ec8f61f245cd77ce25bbe2b5c124c6 -> 
  custom:SearchIndexIgnoredProperties: e643bd26f0fe6173181afceb89e7c659 -> 
  custom:AudioImporter_EditorPlatform: d09bf68614088b80899f8185d706f6e7 -> 
  custom:video-encoder-webm-vp8: eb34c28f22e8b96e1ab97ce403110664 -> 
  custom:audio-decoder-ogg-vorbis: bf7c407c2cedff20999df2af8eb42d56 -> 
  custom:audio-encoder-webm-vorbis: bf7c407c2cedff20999df2af8eb42d56 -> 
  custom:scripting/precompiled-assembly-types:Assembly-CSharp: 7bbd880ac58b1258f047064f14cbb0e9 -> 124c1a73a79abe1cc2eb3cf98fea39d5
========================================================================
Received Import Request.
  Time since last request: 47.925873 seconds.
  path: Assets/Scenes/Tutorial.unity
  artifactKey: Guid(401bf4882b9ea4a54b353dff843cc611) Importer(815301076,1909f56bfc062723c751e8b465ee728b)
Start importing Assets/Scenes/Tutorial.unity using Guid(401bf4882b9ea4a54b353dff843cc611) Importer(815301076,1909f56bfc062723c751e8b465ee728b) [PhysX] Initialized MultithreadedTaskDispatcher with 16 workers.
 -> (artifact id: '73747415dbf9826f879b746cb6aa1cae') in 0.003731 seconds
Number of updated asset objects reloaded before import = 0
Number of asset objects unloaded after import = 0
========================================================================
Received Prepare
Caller must complete domain reload
Begin MonoManager ReloadAssembly
- Loaded All Assemblies, in  0.370 seconds
Native extension for WindowsStandalone target not found
Native extension for WebGL target not found
Mono: successfully reloaded assembly
- Finished resetting the current domain, in  1.034 seconds
Domain Reload Profiling: 1401ms
	BeginReloadAssembly (127ms)
		ExecutionOrderSort (0ms)
		DisableScriptedObjects (9ms)
		BackupInstance (0ms)
		ReleaseScriptingObjects (0ms)
		CreateAndSetChildDomain (24ms)
	RebuildCommonClasses (23ms)
	RebuildNativeTypeToScriptingClass (8ms)
	initialDomainReloadingComplete (24ms)
	LoadAllAssembliesAndSetupDomain (186ms)
		LoadAssemblies (239ms)
		RebuildTransferFunctionScriptingTraits (0ms)
		AnalyzeDomain (14ms)
			TypeCache.Refresh (7ms)
				TypeCache.ScanAssembly (0ms)
			ScanForSourceGeneratedMonoScriptInfo (0ms)
			ResolveRequiredComponents (5ms)
	FinalizeReload (1034ms)
		ReleaseScriptCaches (0ms)
		RebuildScriptCaches (0ms)
		SetupLoadedEditorAssemblies (360ms)
			LogAssemblyErrors (0ms)
			InitializePlatformSupportModulesInManaged (7ms)
			SetLoadedEditorAssemblies (4ms)
			RefreshPlugins (0ms)
			BeforeProcessingInitializeOnLoad (64ms)
			ProcessInitializeOnLoadAttributes (252ms)
			ProcessInitializeOnLoadMethodAttributes (27ms)
			AfterProcessingInitializeOnLoad (6ms)
			EditorAssembliesLoaded (0ms)
		ExecutionOrderSort2 (0ms)
		AwakeInstancesAfterBackupRestoration (12ms)
Refreshing native plugins compatible for Editor in 8.72 ms, found 4 plugins.
Preloading 0 native plugins for Editor in 0.00 ms.
Unloading 4129 Unused Serialized files (Serialized files now loaded: 0)
Unloading 19 unused Assets / (30.8 KB). Loaded Objects now: 4852.
Memory consumption went from 162.5 MB to 162.5 MB.
Total: 3.799900 ms (FindLiveObjects: 0.290400 ms CreateObjectMapping: 0.279400 ms MarkObjects: 3.173500 ms  DeleteObjects: 0.055300 ms)

Prepare: number of updated asset objects reloaded= 0
AssetImportParameters requested are different than current active one (requested -> active):
  custom:container-demuxer-ogg: 62fdf1f143b41e24485cea50d1cbac27 -> 
  custom:video-codec-MediaFoundation-h265: 746d11721c4dcdbdad8f713fa42b33f4 -> 
  custom:video-decoder-ogg-theora: a1e56fd34408186e4bbccfd4996cb3dc -> 
  custom:framework-win-MediaFoundation: 216162199b28c13a410421893ffa2e32 -> 
  custom:CustomObjectIndexerAttribute: 9a22284fe3817be447336de3de66b15e -> 
  custom:container-demuxer-webm: 4f35f7cbe854078d1ac9338744f61a02 -> 
  custom:container-muxer-webm: aa71ff27fc2769a1b78a27578f13a17b -> 
  custom:video-decoder-webm-vp8: 9c59270c3fd7afecdb556c50c9e8de78 -> 
  custom:scripting/monoscript/fileName/leftRight.cs: f8ec8f61f245cd77ce25bbe2b5c124c6 -> 
  custom:SearchIndexIgnoredProperties: e643bd26f0fe6173181afceb89e7c659 -> 
  custom:AudioImporter_EditorPlatform: d09bf68614088b80899f8185d706f6e7 -> 
  custom:video-encoder-webm-vp8: eb34c28f22e8b96e1ab97ce403110664 -> 
  custom:audio-decoder-ogg-vorbis: bf7c407c2cedff20999df2af8eb42d56 -> 
  custom:audio-encoder-webm-vorbis: bf7c407c2cedff20999df2af8eb42d56 -> 
  custom:scripting/precompiled-assembly-types:Assembly-CSharp: 7bbd880ac58b1258f047064f14cbb0e9 -> 124c1a73a79abe1cc2eb3cf98fea39d5
========================================================================
Received Import Request.
  Time since last request: 54.483423 seconds.
  path: Assets/Scenes/Detonator Level.unity
  artifactKey: Guid(539ee083382a48046bab750bfeae415d) Importer(815301076,1909f56bfc062723c751e8b465ee728b)
Start importing Assets/Scenes/Detonator Level.unity using Guid(539ee083382a48046bab750bfeae415d) Importer(815301076,1909f56bfc062723c751e8b465ee728b) [PhysX] Initialized MultithreadedTaskDispatcher with 16 workers.
 -> (artifact id: '056e3e218b01c24c48c80a8affc7e809') in 0.002454 seconds
Number of updated asset objects reloaded before import = 0
Number of asset objects unloaded after import = 0
========================================================================
Received Prepare
Caller must complete domain reload
Begin MonoManager ReloadAssembly
- Loaded All Assemblies, in  0.389 seconds
Native extension for WindowsStandalone target not found
Native extension for WebGL target not found
Mono: successfully reloaded assembly
- Finished resetting the current domain, in  0.894 seconds
Domain Reload Profiling: 1281ms
	BeginReloadAssembly (145ms)
		ExecutionOrderSort (0ms)
		DisableScriptedObjects (8ms)
		BackupInstance (0ms)
		ReleaseScriptingObjects (0ms)
		CreateAndSetChildDomain (35ms)
	RebuildCommonClasses (23ms)
	RebuildNativeTypeToScriptingClass (7ms)
	initialDomainReloadingComplete (23ms)
	LoadAllAssembliesAndSetupDomain (188ms)
		LoadAssemblies (246ms)
		RebuildTransferFunctionScriptingTraits (0ms)
		AnalyzeDomain (13ms)
			TypeCache.Refresh (6ms)
				TypeCache.ScanAssembly (0ms)
			ScanForSourceGeneratedMonoScriptInfo (0ms)
			ResolveRequiredComponents (4ms)
	FinalizeReload (895ms)
		ReleaseScriptCaches (0ms)
		RebuildScriptCaches (0ms)
		SetupLoadedEditorAssemblies (368ms)
			LogAssemblyErrors (0ms)
			InitializePlatformSupportModulesInManaged (7ms)
			SetLoadedEditorAssemblies (4ms)
			RefreshPlugins (0ms)
			BeforeProcessingInitializeOnLoad (65ms)
			ProcessInitializeOnLoadAttributes (257ms)
			ProcessInitializeOnLoadMethodAttributes (29ms)
			AfterProcessingInitializeOnLoad (6ms)
			EditorAssembliesLoaded (0ms)
		ExecutionOrderSort2 (0ms)
		AwakeInstancesAfterBackupRestoration (10ms)
Refreshing native plugins compatible for Editor in 7.83 ms, found 4 plugins.
Preloading 0 native plugins for Editor in 0.00 ms.
Unloading 4129 Unused Serialized files (Serialized files now loaded: 0)
Unloading 19 unused Assets / (30.8 KB). Loaded Objects now: 4856.
Memory consumption went from 162.6 MB to 162.5 MB.
Total: 3.607300 ms (FindLiveObjects: 0.361100 ms CreateObjectMapping: 0.184100 ms MarkObjects: 3.007900 ms  DeleteObjects: 0.052700 ms)

Prepare: number of updated asset objects reloaded= 0
AssetImportParameters requested are different than current active one (requested -> active):
  custom:container-demuxer-ogg: 62fdf1f143b41e24485cea50d1cbac27 -> 
  custom:video-codec-MediaFoundation-h265: 746d11721c4dcdbdad8f713fa42b33f4 -> 
  custom:video-decoder-ogg-theora: a1e56fd34408186e4bbccfd4996cb3dc -> 
  custom:framework-win-MediaFoundation: 216162199b28c13a410421893ffa2e32 -> 
  custom:CustomObjectIndexerAttribute: 9a22284fe3817be447336de3de66b15e -> 
  custom:container-demuxer-webm: 4f35f7cbe854078d1ac9338744f61a02 -> 
  custom:container-muxer-webm: aa71ff27fc2769a1b78a27578f13a17b -> 
  custom:video-decoder-webm-vp8: 9c59270c3fd7afecdb556c50c9e8de78 -> 
  custom:scripting/monoscript/fileName/leftRight.cs: f8ec8f61f245cd77ce25bbe2b5c124c6 -> 
  custom:SearchIndexIgnoredProperties: e643bd26f0fe6173181afceb89e7c659 -> 
  custom:AudioImporter_EditorPlatform: d09bf68614088b80899f8185d706f6e7 -> 
  custom:video-encoder-webm-vp8: eb34c28f22e8b96e1ab97ce403110664 -> 
  custom:audio-decoder-ogg-vorbis: bf7c407c2cedff20999df2af8eb42d56 -> 
  custom:audio-encoder-webm-vorbis: bf7c407c2cedff20999df2af8eb42d56 -> 
  custom:scripting/precompiled-assembly-types:Assembly-CSharp: 7bbd880ac58b1258f047064f14cbb0e9 -> 124c1a73a79abe1cc2eb3cf98fea39d5
========================================================================
Received Prepare
Caller must complete domain reload
Begin MonoManager ReloadAssembly
- Loaded All Assemblies, in  0.379 seconds
Native extension for WindowsStandalone target not found
Native extension for WebGL target not found
Mono: successfully reloaded assembly
- Finished resetting the current domain, in  0.870 seconds
Domain Reload Profiling: 1247ms
	BeginReloadAssembly (129ms)
		ExecutionOrderSort (0ms)
		DisableScriptedObjects (9ms)
		BackupInstance (0ms)
		ReleaseScriptingObjects (0ms)
		CreateAndSetChildDomain (25ms)
	RebuildCommonClasses (23ms)
	RebuildNativeTypeToScriptingClass (7ms)
	initialDomainReloadingComplete (23ms)
	LoadAllAssembliesAndSetupDomain (195ms)
		LoadAssemblies (247ms)
		RebuildTransferFunctionScriptingTraits (0ms)
		AnalyzeDomain (14ms)
			TypeCache.Refresh (5ms)
				TypeCache.ScanAssembly (0ms)
			ScanForSourceGeneratedMonoScriptInfo (0ms)
			ResolveRequiredComponents (6ms)
	FinalizeReload (871ms)
		ReleaseScriptCaches (0ms)
		RebuildScriptCaches (0ms)
		SetupLoadedEditorAssemblies (364ms)
			LogAssemblyErrors (0ms)
			InitializePlatformSupportModulesInManaged (6ms)
			SetLoadedEditorAssemblies (4ms)
			RefreshPlugins (0ms)
			BeforeProcessingInitializeOnLoad (65ms)
			ProcessInitializeOnLoadAttributes (257ms)
			ProcessInitializeOnLoadMethodAttributes (26ms)
			AfterProcessingInitializeOnLoad (6ms)
			EditorAssembliesLoaded (0ms)
		ExecutionOrderSort2 (0ms)
		AwakeInstancesAfterBackupRestoration (10ms)
Refreshing native plugins compatible for Editor in 7.67 ms, found 4 plugins.
Preloading 0 native plugins for Editor in 0.00 ms.
Unloading 4129 Unused Serialized files (Serialized files now loaded: 0)
Unloading 19 unused Assets / (30.7 KB). Loaded Objects now: 4860.
Memory consumption went from 162.6 MB to 162.5 MB.
Total: 6.728000 ms (FindLiveObjects: 0.444800 ms CreateObjectMapping: 0.197900 ms MarkObjects: 6.027500 ms  DeleteObjects: 0.056600 ms)

Prepare: number of updated asset objects reloaded= 0
AssetImportParameters requested are different than current active one (requested -> active):
  custom:container-demuxer-ogg: 62fdf1f143b41e24485cea50d1cbac27 -> 
  custom:video-codec-MediaFoundation-h265: 746d11721c4dcdbdad8f713fa42b33f4 -> 
  custom:video-decoder-ogg-theora: a1e56fd34408186e4bbccfd4996cb3dc -> 
  custom:framework-win-MediaFoundation: 216162199b28c13a410421893ffa2e32 -> 
  custom:CustomObjectIndexerAttribute: 9a22284fe3817be447336de3de66b15e -> 
  custom:container-demuxer-webm: 4f35f7cbe854078d1ac9338744f61a02 -> 
  custom:container-muxer-webm: aa71ff27fc2769a1b78a27578f13a17b -> 
  custom:video-decoder-webm-vp8: 9c59270c3fd7afecdb556c50c9e8de78 -> 
  custom:scripting/monoscript/fileName/leftRight.cs: f8ec8f61f245cd77ce25bbe2b5c124c6 -> 
  custom:SearchIndexIgnoredProperties: e643bd26f0fe6173181afceb89e7c659 -> 
  custom:AudioImporter_EditorPlatform: d09bf68614088b80899f8185d706f6e7 -> 
  custom:video-encoder-webm-vp8: eb34c28f22e8b96e1ab97ce403110664 -> 
  custom:audio-decoder-ogg-vorbis: bf7c407c2cedff20999df2af8eb42d56 -> 
  custom:audio-encoder-webm-vorbis: bf7c407c2cedff20999df2af8eb42d56 -> 
  custom:scripting/precompiled-assembly-types:Assembly-CSharp: 7bbd880ac58b1258f047064f14cbb0e9 -> 124c1a73a79abe1cc2eb3cf98fea39d5
========================================================================
Received Import Request.
  Time since last request: 67.029991 seconds.
  path: Assets/Scenes/Detonator Level.unity
  artifactKey: Guid(539ee083382a48046bab750bfeae415d) Importer(815301076,1909f56bfc062723c751e8b465ee728b)
Start importing Assets/Scenes/Detonator Level.unity using Guid(539ee083382a48046bab750bfeae415d) Importer(815301076,1909f56bfc062723c751e8b465ee728b) [PhysX] Initialized MultithreadedTaskDispatcher with 16 workers.
 -> (artifact id: 'f4ee526d4feff45ab6f19a8a64721eb7') in 0.001604 seconds
Number of updated asset objects reloaded before import = 0
Number of asset objects unloaded after import = 0
========================================================================
Received Import Request.
  Time since last request: 3.981860 seconds.
  path: Assets/Scenes/Tutorial.unity
  artifactKey: Guid(401bf4882b9ea4a54b353dff843cc611) Importer(815301076,1909f56bfc062723c751e8b465ee728b)
Start importing Assets/Scenes/Tutorial.unity using Guid(401bf4882b9ea4a54b353dff843cc611) Importer(815301076,1909f56bfc062723c751e8b465ee728b) [PhysX] Initialized MultithreadedTaskDispatcher with 16 workers.
 -> (artifact id: '8950fe1e6ac9cca3df7d6730ef6ab64a') in 0.000966 seconds
Number of updated asset objects reloaded before import = 0
Number of asset objects unloaded after import = 0
========================================================================
Received Prepare
Caller must complete domain reload
Begin MonoManager ReloadAssembly
- Loaded All Assemblies, in  0.376 seconds
Native extension for WindowsStandalone target not found
Native extension for WebGL target not found
Mono: successfully reloaded assembly
- Finished resetting the current domain, in  0.907 seconds
Domain Reload Profiling: 1280ms
	BeginReloadAssembly (137ms)
		ExecutionOrderSort (0ms)
		DisableScriptedObjects (8ms)
		BackupInstance (0ms)
		ReleaseScriptingObjects (0ms)
		CreateAndSetChildDomain (25ms)
	RebuildCommonClasses (25ms)
	RebuildNativeTypeToScriptingClass (7ms)
	initialDomainReloadingComplete (23ms)
	LoadAllAssembliesAndSetupDomain (181ms)
		LoadAssemblies (243ms)
		RebuildTransferFunctionScriptingTraits (0ms)
		AnalyzeDomain (11ms)
			TypeCache.Refresh (5ms)
				TypeCache.ScanAssembly (0ms)
			ScanForSourceGeneratedMonoScriptInfo (0ms)
			ResolveRequiredComponents (4ms)
	FinalizeReload (907ms)
		ReleaseScriptCaches (0ms)
		RebuildScriptCaches (0ms)
		SetupLoadedEditorAssemblies (370ms)
			LogAssemblyErrors (0ms)
			InitializePlatformSupportModulesInManaged (6ms)
			SetLoadedEditorAssemblies (4ms)
			RefreshPlugins (0ms)
			BeforeProcessingInitializeOnLoad (68ms)
			ProcessInitializeOnLoadAttributes (257ms)
			ProcessInitializeOnLoadMethodAttributes (27ms)
			AfterProcessingInitializeOnLoad (8ms)
			EditorAssembliesLoaded (0ms)
		ExecutionOrderSort2 (0ms)
		AwakeInstancesAfterBackupRestoration (12ms)
Refreshing native plugins compatible for Editor in 8.59 ms, found 4 plugins.
Preloading 0 native plugins for Editor in 0.00 ms.
Unloading 4129 Unused Serialized files (Serialized files now loaded: 0)
Unloading 19 unused Assets / (34.3 KB). Loaded Objects now: 4864.
Memory consumption went from 162.6 MB to 162.5 MB.
Total: 3.641700 ms (FindLiveObjects: 0.279800 ms CreateObjectMapping: 0.169300 ms MarkObjects: 3.050700 ms  DeleteObjects: 0.140800 ms)

Prepare: number of updated asset objects reloaded= 0
AssetImportParameters requested are different than current active one (requested -> active):
  custom:container-demuxer-ogg: 62fdf1f143b41e24485cea50d1cbac27 -> 
  custom:video-codec-MediaFoundation-h265: 746d11721c4dcdbdad8f713fa42b33f4 -> 
  custom:video-decoder-ogg-theora: a1e56fd34408186e4bbccfd4996cb3dc -> 
  custom:framework-win-MediaFoundation: 216162199b28c13a410421893ffa2e32 -> 
  custom:CustomObjectIndexerAttribute: 9a22284fe3817be447336de3de66b15e -> 
  custom:container-demuxer-webm: 4f35f7cbe854078d1ac9338744f61a02 -> 
  custom:container-muxer-webm: aa71ff27fc2769a1b78a27578f13a17b -> 
  custom:video-decoder-webm-vp8: 9c59270c3fd7afecdb556c50c9e8de78 -> 
  custom:scripting/monoscript/fileName/leftRight.cs: f8ec8f61f245cd77ce25bbe2b5c124c6 -> 
  custom:SearchIndexIgnoredProperties: e643bd26f0fe6173181afceb89e7c659 -> 
  custom:AudioImporter_EditorPlatform: d09bf68614088b80899f8185d706f6e7 -> 
  custom:video-encoder-webm-vp8: eb34c28f22e8b96e1ab97ce403110664 -> 
  custom:audio-decoder-ogg-vorbis: bf7c407c2cedff20999df2af8eb42d56 -> 
  custom:audio-encoder-webm-vorbis: bf7c407c2cedff20999df2af8eb42d56 -> 
  custom:scripting/precompiled-assembly-types:Assembly-CSharp: 7bbd880ac58b1258f047064f14cbb0e9 -> 124c1a73a79abe1cc2eb3cf98fea39d5
========================================================================
Received Prepare
Caller must complete domain reload
Begin MonoManager ReloadAssembly
- Loaded All Assemblies, in  0.364 seconds
Native extension for WindowsStandalone target not found
Native extension for WebGL target not found
Mono: successfully reloaded assembly
- Finished resetting the current domain, in  0.878 seconds
Domain Reload Profiling: 1239ms
	BeginReloadAssembly (120ms)
		ExecutionOrderSort (0ms)
		DisableScriptedObjects (8ms)
		BackupInstance (0ms)
		ReleaseScriptingObjects (0ms)
		CreateAndSetChildDomain (23ms)
	RebuildCommonClasses (22ms)
	RebuildNativeTypeToScriptingClass (7ms)
	initialDomainReloadingComplete (24ms)
	LoadAllAssembliesAndSetupDomain (187ms)
		LoadAssemblies (237ms)
		RebuildTransferFunctionScriptingTraits (0ms)
		AnalyzeDomain (12ms)
			TypeCache.Refresh (6ms)
				TypeCache.ScanAssembly (0ms)
			ScanForSourceGeneratedMonoScriptInfo (0ms)
			ResolveRequiredComponents (4ms)
	FinalizeReload (879ms)
		ReleaseScriptCaches (0ms)
		RebuildScriptCaches (0ms)
		SetupLoadedEditorAssemblies (359ms)
			LogAssemblyErrors (0ms)
			InitializePlatformSupportModulesInManaged (6ms)
			SetLoadedEditorAssemblies (4ms)
			RefreshPlugins (0ms)
			BeforeProcessingInitializeOnLoad (64ms)
			ProcessInitializeOnLoadAttributes (252ms)
			ProcessInitializeOnLoadMethodAttributes (26ms)
			AfterProcessingInitializeOnLoad (6ms)
			EditorAssembliesLoaded (0ms)
		ExecutionOrderSort2 (0ms)
		AwakeInstancesAfterBackupRestoration (11ms)
Refreshing native plugins compatible for Editor in 9.37 ms, found 4 plugins.
Preloading 0 native plugins for Editor in 0.00 ms.
Unloading 4129 Unused Serialized files (Serialized files now loaded: 0)
Unloading 19 unused Assets / (30.8 KB). Loaded Objects now: 4868.
Memory consumption went from 162.6 MB to 162.5 MB.
Total: 3.550200 ms (FindLiveObjects: 0.282400 ms CreateObjectMapping: 0.172300 ms MarkObjects: 3.043600 ms  DeleteObjects: 0.050900 ms)

Prepare: number of updated asset objects reloaded= 0
AssetImportParameters requested are different than current active one (requested -> active):
  custom:container-demuxer-ogg: 62fdf1f143b41e24485cea50d1cbac27 -> 
  custom:video-codec-MediaFoundation-h265: 746d11721c4dcdbdad8f713fa42b33f4 -> 
  custom:video-decoder-ogg-theora: a1e56fd34408186e4bbccfd4996cb3dc -> 
  custom:framework-win-MediaFoundation: 216162199b28c13a410421893ffa2e32 -> 
  custom:CustomObjectIndexerAttribute: 9a22284fe3817be447336de3de66b15e -> 
  custom:container-demuxer-webm: 4f35f7cbe854078d1ac9338744f61a02 -> 
  custom:container-muxer-webm: aa71ff27fc2769a1b78a27578f13a17b -> 
  custom:video-decoder-webm-vp8: 9c59270c3fd7afecdb556c50c9e8de78 -> 
  custom:scripting/monoscript/fileName/leftRight.cs: f8ec8f61f245cd77ce25bbe2b5c124c6 -> 
  custom:SearchIndexIgnoredProperties: e643bd26f0fe6173181afceb89e7c659 -> 
  custom:AudioImporter_EditorPlatform: d09bf68614088b80899f8185d706f6e7 -> 
  custom:video-encoder-webm-vp8: eb34c28f22e8b96e1ab97ce403110664 -> 
  custom:audio-decoder-ogg-vorbis: bf7c407c2cedff20999df2af8eb42d56 -> 
  custom:audio-encoder-webm-vorbis: bf7c407c2cedff20999df2af8eb42d56 -> 
  custom:scripting/precompiled-assembly-types:Assembly-CSharp: 7bbd880ac58b1258f047064f14cbb0e9 -> 124c1a73a79abe1cc2eb3cf98fea39d5
========================================================================
Received Prepare
Caller must complete domain reload
Begin MonoManager ReloadAssembly
- Loaded All Assemblies, in  0.383 seconds
Native extension for WindowsStandalone target not found
Native extension for WebGL target not found
Mono: successfully reloaded assembly
- Finished resetting the current domain, in  0.865 seconds
Domain Reload Profiling: 1245ms
	BeginReloadAssembly (134ms)
		ExecutionOrderSort (0ms)
		DisableScriptedObjects (8ms)
		BackupInstance (0ms)
		ReleaseScriptingObjects (0ms)
		CreateAndSetChildDomain (22ms)
	RebuildCommonClasses (30ms)
	RebuildNativeTypeToScriptingClass (11ms)
	initialDomainReloadingComplete (22ms)
	LoadAllAssembliesAndSetupDomain (183ms)
		LoadAssemblies (247ms)
		RebuildTransferFunctionScriptingTraits (0ms)
		AnalyzeDomain (12ms)
			TypeCache.Refresh (6ms)
				TypeCache.ScanAssembly (0ms)
			ScanForSourceGeneratedMonoScriptInfo (0ms)
			ResolveRequiredComponents (4ms)
	FinalizeReload (865ms)
		ReleaseScriptCaches (0ms)
		RebuildScriptCaches (0ms)
		SetupLoadedEditorAssemblies (361ms)
			LogAssemblyErrors (0ms)
			InitializePlatformSupportModulesInManaged (7ms)
			SetLoadedEditorAssemblies (4ms)
			RefreshPlugins (0ms)
			BeforeProcessingInitializeOnLoad (63ms)
			ProcessInitializeOnLoadAttributes (253ms)
			ProcessInitializeOnLoadMethodAttributes (26ms)
			AfterProcessingInitializeOnLoad (7ms)
			EditorAssembliesLoaded (0ms)
		ExecutionOrderSort2 (0ms)
		AwakeInstancesAfterBackupRestoration (10ms)
Refreshing native plugins compatible for Editor in 7.77 ms, found 4 plugins.
Preloading 0 native plugins for Editor in 0.00 ms.
Unloading 4129 Unused Serialized files (Serialized files now loaded: 0)
Unloading 19 unused Assets / (30.9 KB). Loaded Objects now: 4872.
Memory consumption went from 162.6 MB to 162.5 MB.
Total: 3.848400 ms (FindLiveObjects: 0.311500 ms CreateObjectMapping: 0.290000 ms MarkObjects: 3.194300 ms  DeleteObjects: 0.051400 ms)

Prepare: number of updated asset objects reloaded= 0
AssetImportParameters requested are different than current active one (requested -> active):
  custom:container-demuxer-ogg: 62fdf1f143b41e24485cea50d1cbac27 -> 
  custom:video-codec-MediaFoundation-h265: 746d11721c4dcdbdad8f713fa42b33f4 -> 
  custom:video-decoder-ogg-theora: a1e56fd34408186e4bbccfd4996cb3dc -> 
  custom:framework-win-MediaFoundation: 216162199b28c13a410421893ffa2e32 -> 
  custom:CustomObjectIndexerAttribute: 9a22284fe3817be447336de3de66b15e -> 
  custom:container-demuxer-webm: 4f35f7cbe854078d1ac9338744f61a02 -> 
  custom:container-muxer-webm: aa71ff27fc2769a1b78a27578f13a17b -> 
  custom:video-decoder-webm-vp8: 9c59270c3fd7afecdb556c50c9e8de78 -> 
  custom:scripting/monoscript/fileName/leftRight.cs: f8ec8f61f245cd77ce25bbe2b5c124c6 -> 
  custom:SearchIndexIgnoredProperties: e643bd26f0fe6173181afceb89e7c659 -> 
  custom:AudioImporter_EditorPlatform: d09bf68614088b80899f8185d706f6e7 -> 
  custom:video-encoder-webm-vp8: eb34c28f22e8b96e1ab97ce403110664 -> 
  custom:audio-decoder-ogg-vorbis: bf7c407c2cedff20999df2af8eb42d56 -> 
  custom:audio-encoder-webm-vorbis: bf7c407c2cedff20999df2af8eb42d56 -> 
  custom:scripting/precompiled-assembly-types:Assembly-CSharp: 7bbd880ac58b1258f047064f14cbb0e9 -> 124c1a73a79abe1cc2eb3cf98fea39d5
========================================================================
Received Import Request.
  Time since last request: 106.096298 seconds.
  path: Assets/Scenes/FlagsAreKey.unity
  artifactKey: Guid(95f9d253699096b4893d6abccb034050) Importer(815301076,1909f56bfc062723c751e8b465ee728b)
Start importing Assets/Scenes/FlagsAreKey.unity using Guid(95f9d253699096b4893d6abccb034050) Importer(815301076,1909f56bfc062723c751e8b465ee728b) [PhysX] Initialized MultithreadedTaskDispatcher with 16 workers.
 -> (artifact id: 'ef914c9b2f1f4a3a4557b3cd32435492') in 0.002526 seconds
Number of updated asset objects reloaded before import = 0
Number of asset objects unloaded after import = 0
========================================================================
Received Prepare
Caller must complete domain reload
Begin MonoManager ReloadAssembly
- Loaded All Assemblies, in  0.367 seconds
Native extension for WindowsStandalone target not found
Native extension for WebGL target not found
Mono: successfully reloaded assembly
- Finished resetting the current domain, in  0.849 seconds
Domain Reload Profiling: 1213ms
	BeginReloadAssembly (126ms)
		ExecutionOrderSort (0ms)
		DisableScriptedObjects (8ms)
		BackupInstance (0ms)
		ReleaseScriptingObjects (0ms)
		CreateAndSetChildDomain (23ms)
	RebuildCommonClasses (25ms)
	RebuildNativeTypeToScriptingClass (7ms)
	initialDomainReloadingComplete (22ms)
	LoadAllAssembliesAndSetupDomain (183ms)
		LoadAssemblies (240ms)
		RebuildTransferFunctionScriptingTraits (0ms)
		AnalyzeDomain (11ms)
			TypeCache.Refresh (5ms)
				TypeCache.ScanAssembly (0ms)
			ScanForSourceGeneratedMonoScriptInfo (0ms)
			ResolveRequiredComponents (4ms)
	FinalizeReload (849ms)
		ReleaseScriptCaches (0ms)
		RebuildScriptCaches (0ms)
		SetupLoadedEditorAssemblies (353ms)
			LogAssemblyErrors (0ms)
			InitializePlatformSupportModulesInManaged (6ms)
			SetLoadedEditorAssemblies (4ms)
			RefreshPlugins (0ms)
			BeforeProcessingInitializeOnLoad (64ms)
			ProcessInitializeOnLoadAttributes (246ms)
			ProcessInitializeOnLoadMethodAttributes (26ms)
			AfterProcessingInitializeOnLoad (7ms)
			EditorAssembliesLoaded (0ms)
		ExecutionOrderSort2 (0ms)
		AwakeInstancesAfterBackupRestoration (11ms)
Refreshing native plugins compatible for Editor in 7.76 ms, found 4 plugins.
Preloading 0 native plugins for Editor in 0.00 ms.
Unloading 4129 Unused Serialized files (Serialized files now loaded: 0)
Unloading 19 unused Assets / (30.9 KB). Loaded Objects now: 4876.
Memory consumption went from 162.6 MB to 162.5 MB.
Total: 7.313600 ms (FindLiveObjects: 0.253000 ms CreateObjectMapping: 0.164600 ms MarkObjects: 6.827400 ms  DeleteObjects: 0.066600 ms)

Prepare: number of updated asset objects reloaded= 0
AssetImportParameters requested are different than current active one (requested -> active):
  custom:container-demuxer-ogg: 62fdf1f143b41e24485cea50d1cbac27 -> 
  custom:video-codec-MediaFoundation-h265: 746d11721c4dcdbdad8f713fa42b33f4 -> 
  custom:video-decoder-ogg-theora: a1e56fd34408186e4bbccfd4996cb3dc -> 
  custom:framework-win-MediaFoundation: 216162199b28c13a410421893ffa2e32 -> 
  custom:CustomObjectIndexerAttribute: 9a22284fe3817be447336de3de66b15e -> 
  custom:container-demuxer-webm: 4f35f7cbe854078d1ac9338744f61a02 -> 
  custom:container-muxer-webm: aa71ff27fc2769a1b78a27578f13a17b -> 
  custom:video-decoder-webm-vp8: 9c59270c3fd7afecdb556c50c9e8de78 -> 
  custom:scripting/monoscript/fileName/leftRight.cs: f8ec8f61f245cd77ce25bbe2b5c124c6 -> 
  custom:SearchIndexIgnoredProperties: e643bd26f0fe6173181afceb89e7c659 -> 
  custom:AudioImporter_EditorPlatform: d09bf68614088b80899f8185d706f6e7 -> 
  custom:video-encoder-webm-vp8: eb34c28f22e8b96e1ab97ce403110664 -> 
  custom:audio-decoder-ogg-vorbis: bf7c407c2cedff20999df2af8eb42d56 -> 
  custom:audio-encoder-webm-vorbis: bf7c407c2cedff20999df2af8eb42d56 -> 
  custom:scripting/precompiled-assembly-types:Assembly-CSharp: 7bbd880ac58b1258f047064f14cbb0e9 -> 124c1a73a79abe1cc2eb3cf98fea39d5
========================================================================
Received Prepare
Caller must complete domain reload
Begin MonoManager ReloadAssembly
- Loaded All Assemblies, in  0.411 seconds
Native extension for WindowsStandalone target not found
Native extension for WebGL target not found
Mono: successfully reloaded assembly
- Finished resetting the current domain, in  0.912 seconds
Domain Reload Profiling: 1321ms
	BeginReloadAssembly (164ms)
		ExecutionOrderSort (0ms)
		DisableScriptedObjects (9ms)
		BackupInstance (0ms)
		ReleaseScriptingObjects (0ms)
		CreateAndSetChildDomain (32ms)
	RebuildCommonClasses (22ms)
	RebuildNativeTypeToScriptingClass (7ms)
	initialDomainReloadingComplete (23ms)
	LoadAllAssembliesAndSetupDomain (191ms)
		LoadAssemblies (260ms)
		RebuildTransferFunctionScriptingTraits (0ms)
		AnalyzeDomain (13ms)
			TypeCache.Refresh (6ms)
				TypeCache.ScanAssembly (0ms)
			ScanForSourceGeneratedMonoScriptInfo (0ms)
			ResolveRequiredComponents (4ms)
	FinalizeReload (913ms)
		ReleaseScriptCaches (0ms)
		RebuildScriptCaches (0ms)
		SetupLoadedEditorAssemblies (376ms)
			LogAssemblyErrors (0ms)
			InitializePlatformSupportModulesInManaged (7ms)
			SetLoadedEditorAssemblies (4ms)
			RefreshPlugins (0ms)
			BeforeProcessingInitializeOnLoad (67ms)
			ProcessInitializeOnLoadAttributes (262ms)
			ProcessInitializeOnLoadMethodAttributes (29ms)
			AfterProcessingInitializeOnLoad (6ms)
			EditorAssembliesLoaded (0ms)
		ExecutionOrderSort2 (0ms)
		AwakeInstancesAfterBackupRestoration (12ms)
Refreshing native plugins compatible for Editor in 9.06 ms, found 4 plugins.
Preloading 0 native plugins for Editor in 0.00 ms.
Unloading 4129 Unused Serialized files (Serialized files now loaded: 0)
Unloading 19 unused Assets / (30.9 KB). Loaded Objects now: 4880.
Memory consumption went from 162.6 MB to 162.5 MB.
Total: 3.720900 ms (FindLiveObjects: 0.307300 ms CreateObjectMapping: 0.175300 ms MarkObjects: 3.130000 ms  DeleteObjects: 0.106700 ms)

Prepare: number of updated asset objects reloaded= 0
AssetImportParameters requested are different than current active one (requested -> active):
  custom:container-demuxer-ogg: 62fdf1f143b41e24485cea50d1cbac27 -> 
  custom:video-codec-MediaFoundation-h265: 746d11721c4dcdbdad8f713fa42b33f4 -> 
  custom:video-decoder-ogg-theora: a1e56fd34408186e4bbccfd4996cb3dc -> 
  custom:framework-win-MediaFoundation: 216162199b28c13a410421893ffa2e32 -> 
  custom:CustomObjectIndexerAttribute: 9a22284fe3817be447336de3de66b15e -> 
  custom:container-demuxer-webm: 4f35f7cbe854078d1ac9338744f61a02 -> 
  custom:container-muxer-webm: aa71ff27fc2769a1b78a27578f13a17b -> 
  custom:video-decoder-webm-vp8: 9c59270c3fd7afecdb556c50c9e8de78 -> 
  custom:scripting/monoscript/fileName/leftRight.cs: f8ec8f61f245cd77ce25bbe2b5c124c6 -> 
  custom:SearchIndexIgnoredProperties: e643bd26f0fe6173181afceb89e7c659 -> 
  custom:AudioImporter_EditorPlatform: d09bf68614088b80899f8185d706f6e7 -> 
  custom:video-encoder-webm-vp8: eb34c28f22e8b96e1ab97ce403110664 -> 
  custom:audio-decoder-ogg-vorbis: bf7c407c2cedff20999df2af8eb42d56 -> 
  custom:audio-encoder-webm-vorbis: bf7c407c2cedff20999df2af8eb42d56 -> 
  custom:scripting/precompiled-assembly-types:Assembly-CSharp: 7bbd880ac58b1258f047064f14cbb0e9 -> 124c1a73a79abe1cc2eb3cf98fea39d5
========================================================================
Received Import Request.
  Time since last request: 68.334236 seconds.
  path: Assets/Scenes/LongerStride.unity
  artifactKey: Guid(c12c0d4e8e43ee94193b9b66c28d1547) Importer(815301076,1909f56bfc062723c751e8b465ee728b)
Start importing Assets/Scenes/LongerStride.unity using Guid(c12c0d4e8e43ee94193b9b66c28d1547) Importer(815301076,1909f56bfc062723c751e8b465ee728b) [PhysX] Initialized MultithreadedTaskDispatcher with 16 workers.
 -> (artifact id: '367dea6b5fc38e7be308b03e0c74ff6d') in 0.001479 seconds
Number of updated asset objects reloaded before import = 0
Number of asset objects unloaded after import = 0
========================================================================
Received Import Request.
  Time since last request: 30.110719 seconds.
  path: Assets/Prefabs/PlayerUI.prefab
  artifactKey: Guid(5ea641da15d19c54f9b517eea4ad8fcf) Importer(815301076,1909f56bfc062723c751e8b465ee728b)
Start importing Assets/Prefabs/PlayerUI.prefab using Guid(5ea641da15d19c54f9b517eea4ad8fcf) Importer(815301076,1909f56bfc062723c751e8b465ee728b) [PhysX] Initialized MultithreadedTaskDispatcher with 16 workers.
 -> (artifact id: '88467c7227f5e144a7d77ae7384149e5') in 0.062408 seconds
Number of updated asset objects reloaded before import = 0
Number of asset objects unloaded after import = 361
========================================================================
Received Prepare
Caller must complete domain reload
Begin MonoManager ReloadAssembly
- Loaded All Assemblies, in  0.360 seconds
Native extension for WindowsStandalone target not found
Native extension for WebGL target not found
Mono: successfully reloaded assembly
- Finished resetting the current domain, in  0.926 seconds
Domain Reload Profiling: 1283ms
	BeginReloadAssembly (123ms)
		ExecutionOrderSort (0ms)
		DisableScriptedObjects (11ms)
		BackupInstance (0ms)
		ReleaseScriptingObjects (0ms)
		CreateAndSetChildDomain (23ms)
	RebuildCommonClasses (23ms)
	RebuildNativeTypeToScriptingClass (7ms)
	initialDomainReloadingComplete (22ms)
	LoadAllAssembliesAndSetupDomain (181ms)
		LoadAssemblies (228ms)
		RebuildTransferFunctionScriptingTraits (0ms)
		AnalyzeDomain (13ms)
			TypeCache.Refresh (7ms)
				TypeCache.ScanAssembly (0ms)
			ScanForSourceGeneratedMonoScriptInfo (0ms)
			ResolveRequiredComponents (4ms)
	FinalizeReload (926ms)
		ReleaseScriptCaches (0ms)
		RebuildScriptCaches (0ms)
		SetupLoadedEditorAssemblies (380ms)
			LogAssemblyErrors (0ms)
			InitializePlatformSupportModulesInManaged (7ms)
			SetLoadedEditorAssemblies (4ms)
			RefreshPlugins (0ms)
			BeforeProcessingInitializeOnLoad (72ms)
			ProcessInitializeOnLoadAttributes (265ms)
			ProcessInitializeOnLoadMethodAttributes (26ms)
			AfterProcessingInitializeOnLoad (6ms)
			EditorAssembliesLoaded (0ms)
		ExecutionOrderSort2 (0ms)
		AwakeInstancesAfterBackupRestoration (11ms)
Refreshing native plugins compatible for Editor in 8.20 ms, found 4 plugins.
Preloading 0 native plugins for Editor in 0.00 ms.
Unloading 4129 Unused Serialized files (Serialized files now loaded: 0)
Unloading 21 unused Assets / (32.3 KB). Loaded Objects now: 4884.
Memory consumption went from 162.6 MB to 162.5 MB.
Total: 3.511000 ms (FindLiveObjects: 0.275900 ms CreateObjectMapping: 0.153400 ms MarkObjects: 3.007900 ms  DeleteObjects: 0.072300 ms)

Prepare: number of updated asset objects reloaded= 0
AssetImportParameters requested are different than current active one (requested -> active):
  custom:container-demuxer-ogg: 62fdf1f143b41e24485cea50d1cbac27 -> 
  custom:video-codec-MediaFoundation-h265: 746d11721c4dcdbdad8f713fa42b33f4 -> 
  custom:video-decoder-ogg-theora: a1e56fd34408186e4bbccfd4996cb3dc -> 
  custom:framework-win-MediaFoundation: 216162199b28c13a410421893ffa2e32 -> 
  custom:CustomObjectIndexerAttribute: 9a22284fe3817be447336de3de66b15e -> 
  custom:container-demuxer-webm: 4f35f7cbe854078d1ac9338744f61a02 -> 
  custom:container-muxer-webm: aa71ff27fc2769a1b78a27578f13a17b -> 
  custom:video-decoder-webm-vp8: 9c59270c3fd7afecdb556c50c9e8de78 -> 
  custom:scripting/monoscript/fileName/leftRight.cs: f8ec8f61f245cd77ce25bbe2b5c124c6 -> 
  custom:SearchIndexIgnoredProperties: e643bd26f0fe6173181afceb89e7c659 -> 
  custom:AudioImporter_EditorPlatform: d09bf68614088b80899f8185d706f6e7 -> 
  custom:video-encoder-webm-vp8: eb34c28f22e8b96e1ab97ce403110664 -> 
  custom:audio-decoder-ogg-vorbis: bf7c407c2cedff20999df2af8eb42d56 -> 
  custom:audio-encoder-webm-vorbis: bf7c407c2cedff20999df2af8eb42d56 -> 
  custom:scripting/precompiled-assembly-types:Assembly-CSharp: 7bbd880ac58b1258f047064f14cbb0e9 -> 124c1a73a79abe1cc2eb3cf98fea39d5
========================================================================
Received Import Request.
  Time since last request: 47.293686 seconds.
  path: Assets/Scenes/Basic Scene.scenetemplate
  artifactKey: Guid(53000055ed4402440aa71c7019eaaaf9) Importer(815301076,1909f56bfc062723c751e8b465ee728b)
Start importing Assets/Scenes/Basic Scene.scenetemplate using Guid(53000055ed4402440aa71c7019eaaaf9) Importer(815301076,1909f56bfc062723c751e8b465ee728b) [PhysX] Initialized MultithreadedTaskDispatcher with 16 workers.
[PhysX] Initialized MultithreadedTaskDispatcher with 16 workers.
 -> (artifact id: '5ab4ee3e213908581d59538854f6352e') in 0.249741 seconds
Number of updated asset objects reloaded before import = 0
Number of asset objects unloaded after import = 586
========================================================================
Received Import Request.
  Time since last request: 13.603702 seconds.
  path: Assets/Scenes/Test Level.unity
  artifactKey: Guid(58015d43e0de9604b8488ded9a9c94e1) Importer(815301076,1909f56bfc062723c751e8b465ee728b)
Start importing Assets/Scenes/Test Level.unity using Guid(58015d43e0de9604b8488ded9a9c94e1) Importer(815301076,1909f56bfc062723c751e8b465ee728b) [PhysX] Initialized MultithreadedTaskDispatcher with 16 workers.
 -> (artifact id: '738e9dc8dce760404ad1d0db82450295') in 0.003493 seconds
Number of updated asset objects reloaded before import = 0
Number of asset objects unloaded after import = 0
========================================================================
Received Prepare
Caller must complete domain reload
Begin MonoManager ReloadAssembly
- Loaded All Assemblies, in  0.371 seconds
Native extension for WindowsStandalone target not found
Native extension for WebGL target not found
Mono: successfully reloaded assembly
- Finished resetting the current domain, in  0.887 seconds
Domain Reload Profiling: 1257ms
	BeginReloadAssembly (130ms)
		ExecutionOrderSort (0ms)
		DisableScriptedObjects (9ms)
		BackupInstance (0ms)
		ReleaseScriptingObjects (0ms)
		CreateAndSetChildDomain (26ms)
	RebuildCommonClasses (23ms)
	RebuildNativeTypeToScriptingClass (7ms)
	initialDomainReloadingComplete (23ms)
	LoadAllAssembliesAndSetupDomain (186ms)
		LoadAssemblies (241ms)
		RebuildTransferFunctionScriptingTraits (0ms)
		AnalyzeDomain (12ms)
			TypeCache.Refresh (6ms)
				TypeCache.ScanAssembly (0ms)
			ScanForSourceGeneratedMonoScriptInfo (0ms)
			ResolveRequiredComponents (4ms)
	FinalizeReload (888ms)
		ReleaseScriptCaches (0ms)
		RebuildScriptCaches (0ms)
		SetupLoadedEditorAssemblies (359ms)
			LogAssemblyErrors (0ms)
			InitializePlatformSupportModulesInManaged (7ms)
			SetLoadedEditorAssemblies (4ms)
			RefreshPlugins (0ms)
			BeforeProcessingInitializeOnLoad (64ms)
			ProcessInitializeOnLoadAttributes (250ms)
			ProcessInitializeOnLoadMethodAttributes (26ms)
			AfterProcessingInitializeOnLoad (6ms)
			EditorAssembliesLoaded (0ms)
		ExecutionOrderSort2 (0ms)
		AwakeInstancesAfterBackupRestoration (10ms)
Refreshing native plugins compatible for Editor in 7.94 ms, found 4 plugins.
Preloading 0 native plugins for Editor in 0.00 ms.
Unloading 4129 Unused Serialized files (Serialized files now loaded: 0)
Unloading 26 unused Assets / (32.6 KB). Loaded Objects now: 4888.
Memory consumption went from 162.6 MB to 162.6 MB.
Total: 4.056400 ms (FindLiveObjects: 0.267900 ms CreateObjectMapping: 0.171400 ms MarkObjects: 3.480700 ms  DeleteObjects: 0.135300 ms)

Prepare: number of updated asset objects reloaded= 0
AssetImportParameters requested are different than current active one (requested -> active):
  custom:container-demuxer-ogg: 62fdf1f143b41e24485cea50d1cbac27 -> 
  custom:video-codec-MediaFoundation-h265: 746d11721c4dcdbdad8f713fa42b33f4 -> 
  custom:video-decoder-ogg-theora: a1e56fd34408186e4bbccfd4996cb3dc -> 
  custom:framework-win-MediaFoundation: 216162199b28c13a410421893ffa2e32 -> 
  custom:CustomObjectIndexerAttribute: 9a22284fe3817be447336de3de66b15e -> 
  custom:container-demuxer-webm: 4f35f7cbe854078d1ac9338744f61a02 -> 
  custom:container-muxer-webm: aa71ff27fc2769a1b78a27578f13a17b -> 
  custom:video-decoder-webm-vp8: 9c59270c3fd7afecdb556c50c9e8de78 -> 
  custom:scripting/monoscript/fileName/leftRight.cs: f8ec8f61f245cd77ce25bbe2b5c124c6 -> 
  custom:SearchIndexIgnoredProperties: e643bd26f0fe6173181afceb89e7c659 -> 
  custom:AudioImporter_EditorPlatform: d09bf68614088b80899f8185d706f6e7 -> 
  custom:video-encoder-webm-vp8: eb34c28f22e8b96e1ab97ce403110664 -> 
  custom:audio-decoder-ogg-vorbis: bf7c407c2cedff20999df2af8eb42d56 -> 
  custom:audio-encoder-webm-vorbis: bf7c407c2cedff20999df2af8eb42d56 -> 
  custom:scripting/precompiled-assembly-types:Assembly-CSharp: 7bbd880ac58b1258f047064f14cbb0e9 -> 124c1a73a79abe1cc2eb3cf98fea39d5
========================================================================
Received Import Request.
  Time since last request: 86.356658 seconds.
  path: Assets/Scenes/SeekFind.unity
  artifactKey: Guid(3af03e2169261254f932fcdce6039a49) Importer(815301076,1909f56bfc062723c751e8b465ee728b)
Start importing Assets/Scenes/SeekFind.unity using Guid(3af03e2169261254f932fcdce6039a49) Importer(815301076,1909f56bfc062723c751e8b465ee728b) [PhysX] Initialized MultithreadedTaskDispatcher with 16 workers.
 -> (artifact id: '5c579296febed311569a98d78eeeb4eb') in 0.003234 seconds
Number of updated asset objects reloaded before import = 0
Number of asset objects unloaded after import = 0
========================================================================
Received Prepare
Caller must complete domain reload
Begin MonoManager ReloadAssembly
- Loaded All Assemblies, in  0.363 seconds
Native extension for WindowsStandalone target not found
Native extension for WebGL target not found
Mono: successfully reloaded assembly
- Finished resetting the current domain, in  0.866 seconds
Domain Reload Profiling: 1227ms
	BeginReloadAssembly (117ms)
		ExecutionOrderSort (0ms)
		DisableScriptedObjects (9ms)
		BackupInstance (0ms)
		ReleaseScriptingObjects (0ms)
		CreateAndSetChildDomain (22ms)
	RebuildCommonClasses (24ms)
	RebuildNativeTypeToScriptingClass (7ms)
	initialDomainReloadingComplete (23ms)
	LoadAllAssembliesAndSetupDomain (189ms)
		LoadAssemblies (237ms)
		RebuildTransferFunctionScriptingTraits (0ms)
		AnalyzeDomain (12ms)
			TypeCache.Refresh (5ms)
				TypeCache.ScanAssembly (0ms)
			ScanForSourceGeneratedMonoScriptInfo (0ms)
			ResolveRequiredComponents (4ms)
	FinalizeReload (866ms)
		ReleaseScriptCaches (0ms)
		RebuildScriptCaches (0ms)
		SetupLoadedEditorAssemblies (356ms)
			LogAssemblyErrors (0ms)
			InitializePlatformSupportModulesInManaged (7ms)
			SetLoadedEditorAssemblies (4ms)
			RefreshPlugins (0ms)
			BeforeProcessingInitializeOnLoad (59ms)
			ProcessInitializeOnLoadAttributes (252ms)
			ProcessInitializeOnLoadMethodAttributes (28ms)
			AfterProcessingInitializeOnLoad (6ms)
			EditorAssembliesLoaded (0ms)
		ExecutionOrderSort2 (0ms)
		AwakeInstancesAfterBackupRestoration (10ms)
Refreshing native plugins compatible for Editor in 7.80 ms, found 4 plugins.
Preloading 0 native plugins for Editor in 0.00 ms.
Unloading 4129 Unused Serialized files (Serialized files now loaded: 0)
Unloading 19 unused Assets / (30.8 KB). Loaded Objects now: 4892.
Memory consumption went from 162.6 MB to 162.6 MB.
Total: 3.859100 ms (FindLiveObjects: 0.263400 ms CreateObjectMapping: 0.168800 ms MarkObjects: 3.370900 ms  DeleteObjects: 0.054700 ms)

Prepare: number of updated asset objects reloaded= 0
AssetImportParameters requested are different than current active one (requested -> active):
  custom:container-demuxer-ogg: 62fdf1f143b41e24485cea50d1cbac27 -> 
  custom:video-codec-MediaFoundation-h265: 746d11721c4dcdbdad8f713fa42b33f4 -> 
  custom:video-decoder-ogg-theora: a1e56fd34408186e4bbccfd4996cb3dc -> 
  custom:framework-win-MediaFoundation: 216162199b28c13a410421893ffa2e32 -> 
  custom:CustomObjectIndexerAttribute: 9a22284fe3817be447336de3de66b15e -> 
  custom:container-demuxer-webm: 4f35f7cbe854078d1ac9338744f61a02 -> 
  custom:container-muxer-webm: aa71ff27fc2769a1b78a27578f13a17b -> 
  custom:video-decoder-webm-vp8: 9c59270c3fd7afecdb556c50c9e8de78 -> 
  custom:scripting/monoscript/fileName/leftRight.cs: f8ec8f61f245cd77ce25bbe2b5c124c6 -> 
  custom:SearchIndexIgnoredProperties: e643bd26f0fe6173181afceb89e7c659 -> 
  custom:AudioImporter_EditorPlatform: d09bf68614088b80899f8185d706f6e7 -> 
  custom:video-encoder-webm-vp8: eb34c28f22e8b96e1ab97ce403110664 -> 
  custom:audio-decoder-ogg-vorbis: bf7c407c2cedff20999df2af8eb42d56 -> 
  custom:audio-encoder-webm-vorbis: bf7c407c2cedff20999df2af8eb42d56 -> 
  custom:scripting/precompiled-assembly-types:Assembly-CSharp: 7bbd880ac58b1258f047064f14cbb0e9 -> 124c1a73a79abe1cc2eb3cf98fea39d5
========================================================================
Received Prepare
Caller must complete domain reload
Begin MonoManager ReloadAssembly
- Loaded All Assemblies, in  0.376 seconds
Native extension for WindowsStandalone target not found
Native extension for WebGL target not found
Mono: successfully reloaded assembly
- Finished resetting the current domain, in  0.887 seconds
Domain Reload Profiling: 1261ms
	BeginReloadAssembly (133ms)
		ExecutionOrderSort (0ms)
		DisableScriptedObjects (11ms)
		BackupInstance (0ms)
		ReleaseScriptingObjects (0ms)
		CreateAndSetChildDomain (23ms)
	RebuildCommonClasses (25ms)
	RebuildNativeTypeToScriptingClass (7ms)
	initialDomainReloadingComplete (24ms)
	LoadAllAssembliesAndSetupDomain (185ms)
		LoadAssemblies (241ms)
		RebuildTransferFunctionScriptingTraits (0ms)
		AnalyzeDomain (12ms)
			TypeCache.Refresh (6ms)
				TypeCache.ScanAssembly (0ms)
			ScanForSourceGeneratedMonoScriptInfo (0ms)
			ResolveRequiredComponents (4ms)
	FinalizeReload (888ms)
		ReleaseScriptCaches (0ms)
		RebuildScriptCaches (0ms)
		SetupLoadedEditorAssemblies (366ms)
			LogAssemblyErrors (0ms)
			InitializePlatformSupportModulesInManaged (7ms)
			SetLoadedEditorAssemblies (4ms)
			RefreshPlugins (0ms)
			BeforeProcessingInitializeOnLoad (73ms)
			ProcessInitializeOnLoadAttributes (252ms)
			ProcessInitializeOnLoadMethodAttributes (23ms)
			AfterProcessingInitializeOnLoad (6ms)
			EditorAssembliesLoaded (0ms)
		ExecutionOrderSort2 (0ms)
		AwakeInstancesAfterBackupRestoration (11ms)
Refreshing native plugins compatible for Editor in 7.57 ms, found 4 plugins.
Preloading 0 native plugins for Editor in 0.00 ms.
Unloading 4129 Unused Serialized files (Serialized files now loaded: 0)
Unloading 19 unused Assets / (30.9 KB). Loaded Objects now: 4896.
Memory consumption went from 162.6 MB to 162.6 MB.
Total: 3.587300 ms (FindLiveObjects: 0.260900 ms CreateObjectMapping: 0.150200 ms MarkObjects: 3.085300 ms  DeleteObjects: 0.089700 ms)

Prepare: number of updated asset objects reloaded= 0
AssetImportParameters requested are different than current active one (requested -> active):
  custom:container-demuxer-ogg: 62fdf1f143b41e24485cea50d1cbac27 -> 
  custom:video-codec-MediaFoundation-h265: 746d11721c4dcdbdad8f713fa42b33f4 -> 
  custom:video-decoder-ogg-theora: a1e56fd34408186e4bbccfd4996cb3dc -> 
  custom:framework-win-MediaFoundation: 216162199b28c13a410421893ffa2e32 -> 
  custom:CustomObjectIndexerAttribute: 9a22284fe3817be447336de3de66b15e -> 
  custom:container-demuxer-webm: 4f35f7cbe854078d1ac9338744f61a02 -> 
  custom:container-muxer-webm: aa71ff27fc2769a1b78a27578f13a17b -> 
  custom:video-decoder-webm-vp8: 9c59270c3fd7afecdb556c50c9e8de78 -> 
  custom:scripting/monoscript/fileName/leftRight.cs: f8ec8f61f245cd77ce25bbe2b5c124c6 -> 
  custom:SearchIndexIgnoredProperties: e643bd26f0fe6173181afceb89e7c659 -> 
  custom:AudioImporter_EditorPlatform: d09bf68614088b80899f8185d706f6e7 -> 
  custom:video-encoder-webm-vp8: eb34c28f22e8b96e1ab97ce403110664 -> 
  custom:audio-decoder-ogg-vorbis: bf7c407c2cedff20999df2af8eb42d56 -> 
  custom:audio-encoder-webm-vorbis: bf7c407c2cedff20999df2af8eb42d56 -> 
  custom:scripting/precompiled-assembly-types:Assembly-CSharp: 7bbd880ac58b1258f047064f14cbb0e9 -> 124c1a73a79abe1cc2eb3cf98fea39d5
========================================================================
Received Import Request.
  Time since last request: 93.912870 seconds.
  path: Assets/Scenes/LongerStride.unity
  artifactKey: Guid(c12c0d4e8e43ee94193b9b66c28d1547) Importer(815301076,1909f56bfc062723c751e8b465ee728b)
Start importing Assets/Scenes/LongerStride.unity using Guid(c12c0d4e8e43ee94193b9b66c28d1547) Importer(815301076,1909f56bfc062723c751e8b465ee728b) [PhysX] Initialized MultithreadedTaskDispatcher with 16 workers.
 -> (artifact id: '434d85f9f0970fe673efb390b4a03ff2') in 0.001698 seconds
Number of updated asset objects reloaded before import = 0
Number of asset objects unloaded after import = 0
========================================================================
Received Import Request.
  Time since last request: 8.064033 seconds.
  path: Assets/Scenes/Metamorphosis.unity
  artifactKey: Guid(3f763b963ed5c584895008e229d3b09f) Importer(815301076,1909f56bfc062723c751e8b465ee728b)
Start importing Assets/Scenes/Metamorphosis.unity using Guid(3f763b963ed5c584895008e229d3b09f) Importer(815301076,1909f56bfc062723c751e8b465ee728b) [PhysX] Initialized MultithreadedTaskDispatcher with 16 workers.
 -> (artifact id: 'd69faf60116c643ac05e5fb83e54a21d') in 0.000907 seconds
Number of updated asset objects reloaded before import = 0
Number of asset objects unloaded after import = 0
========================================================================
Received Prepare
Caller must complete domain reload
Begin MonoManager ReloadAssembly
- Loaded All Assemblies, in  0.354 seconds
Native extension for WindowsStandalone target not found
Native extension for WebGL target not found
Mono: successfully reloaded assembly
- Finished resetting the current domain, in  0.863 seconds
Domain Reload Profiling: 1216ms
	BeginReloadAssembly (118ms)
		ExecutionOrderSort (0ms)
		DisableScriptedObjects (8ms)
		BackupInstance (0ms)
		ReleaseScriptingObjects (0ms)
		CreateAndSetChildDomain (22ms)
	RebuildCommonClasses (24ms)
	RebuildNativeTypeToScriptingClass (7ms)
	initialDomainReloadingComplete (23ms)
	LoadAllAssembliesAndSetupDomain (179ms)
		LoadAssemblies (229ms)
		RebuildTransferFunctionScriptingTraits (0ms)
		AnalyzeDomain (12ms)
			TypeCache.Refresh (5ms)
				TypeCache.ScanAssembly (0ms)
			ScanForSourceGeneratedMonoScriptInfo (0ms)
			ResolveRequiredComponents (4ms)
	FinalizeReload (865ms)
		ReleaseScriptCaches (0ms)
		RebuildScriptCaches (0ms)
		SetupLoadedEditorAssemblies (367ms)
			LogAssemblyErrors (0ms)
			InitializePlatformSupportModulesInManaged (6ms)
			SetLoadedEditorAssemblies (4ms)
			RefreshPlugins (0ms)
			BeforeProcessingInitializeOnLoad (59ms)
			ProcessInitializeOnLoadAttributes (265ms)
			ProcessInitializeOnLoadMethodAttributes (26ms)
			AfterProcessingInitializeOnLoad (6ms)
			EditorAssembliesLoaded (0ms)
		ExecutionOrderSort2 (0ms)
		AwakeInstancesAfterBackupRestoration (9ms)
Refreshing native plugins compatible for Editor in 8.64 ms, found 4 plugins.
Preloading 0 native plugins for Editor in 0.00 ms.
Unloading 4129 Unused Serialized files (Serialized files now loaded: 0)
Unloading 19 unused Assets / (30.8 KB). Loaded Objects now: 4900.
Memory consumption went from 162.6 MB to 162.6 MB.
Total: 4.228000 ms (FindLiveObjects: 0.264500 ms CreateObjectMapping: 0.203200 ms MarkObjects: 3.692400 ms  DeleteObjects: 0.066700 ms)

Prepare: number of updated asset objects reloaded= 0
AssetImportParameters requested are different than current active one (requested -> active):
  custom:container-demuxer-ogg: 62fdf1f143b41e24485cea50d1cbac27 -> 
  custom:video-codec-MediaFoundation-h265: 746d11721c4dcdbdad8f713fa42b33f4 -> 
  custom:video-decoder-ogg-theora: a1e56fd34408186e4bbccfd4996cb3dc -> 
  custom:framework-win-MediaFoundation: 216162199b28c13a410421893ffa2e32 -> 
  custom:CustomObjectIndexerAttribute: 9a22284fe3817be447336de3de66b15e -> 
  custom:container-demuxer-webm: 4f35f7cbe854078d1ac9338744f61a02 -> 
  custom:container-muxer-webm: aa71ff27fc2769a1b78a27578f13a17b -> 
  custom:video-decoder-webm-vp8: 9c59270c3fd7afecdb556c50c9e8de78 -> 
  custom:scripting/monoscript/fileName/leftRight.cs: f8ec8f61f245cd77ce25bbe2b5c124c6 -> 
  custom:SearchIndexIgnoredProperties: e643bd26f0fe6173181afceb89e7c659 -> 
  custom:AudioImporter_EditorPlatform: d09bf68614088b80899f8185d706f6e7 -> 
  custom:video-encoder-webm-vp8: eb34c28f22e8b96e1ab97ce403110664 -> 
  custom:audio-decoder-ogg-vorbis: bf7c407c2cedff20999df2af8eb42d56 -> 
  custom:audio-encoder-webm-vorbis: bf7c407c2cedff20999df2af8eb42d56 -> 
  custom:scripting/precompiled-assembly-types:Assembly-CSharp: 7bbd880ac58b1258f047064f14cbb0e9 -> 124c1a73a79abe1cc2eb3cf98fea39d5
========================================================================
Received Import Request.
  Time since last request: 124.144074 seconds.
  path: Assets/Scenes/Game End Test.unity
  artifactKey: Guid(f08b572d9bd29e74da72e21a79cf16ff) Importer(815301076,1909f56bfc062723c751e8b465ee728b)
Start importing Assets/Scenes/Game End Test.unity using Guid(f08b572d9bd29e74da72e21a79cf16ff) Importer(815301076,1909f56bfc062723c751e8b465ee728b) [PhysX] Initialized MultithreadedTaskDispatcher with 16 workers.
 -> (artifact id: '153646de607a53ead751292fc749ffbd') in 0.002982 seconds
Number of updated asset objects reloaded before import = 0
Number of asset objects unloaded after import = 0
========================================================================
Received Import Request.
  Time since last request: 8.838226 seconds.
  path: Assets/Scenes/SkyScraper.unity
  artifactKey: Guid(7b9672e164dde2d4cbb2d865cb0d5f23) Importer(815301076,1909f56bfc062723c751e8b465ee728b)
Start importing Assets/Scenes/SkyScraper.unity using Guid(7b9672e164dde2d4cbb2d865cb0d5f23) Importer(815301076,1909f56bfc062723c751e8b465ee728b) [PhysX] Initialized MultithreadedTaskDispatcher with 16 workers.
 -> (artifact id: '26c7f2b11a7543adb002036e4ed73f15') in 0.000658 seconds
Number of updated asset objects reloaded before import = 0
Number of asset objects unloaded after import = 0
========================================================================
Received Import Request.
  Time since last request: 49.038456 seconds.
  path: Assets/Scenes/Shift.unity
  artifactKey: Guid(85552483980913147b7f7717b4022f48) Importer(815301076,1909f56bfc062723c751e8b465ee728b)
Start importing Assets/Scenes/Shift.unity using Guid(85552483980913147b7f7717b4022f48) Importer(815301076,1909f56bfc062723c751e8b465ee728b) [PhysX] Initialized MultithreadedTaskDispatcher with 16 workers.
 -> (artifact id: 'b0577596a06d297286b51f00db7cda0b') in 0.000650 seconds
Number of updated asset objects reloaded before import = 0
Number of asset objects unloaded after import = 0
========================================================================
Received Import Request.
  Time since last request: 22.383287 seconds.
  path: Assets/Scenes/Step Up.unity
  artifactKey: Guid(ed3800a49e9f45343a4e13c7fa1d2597) Importer(815301076,1909f56bfc062723c751e8b465ee728b)
Start importing Assets/Scenes/Step Up.unity using Guid(ed3800a49e9f45343a4e13c7fa1d2597) Importer(815301076,1909f56bfc062723c751e8b465ee728b) [PhysX] Initialized MultithreadedTaskDispatcher with 16 workers.
 -> (artifact id: '7880f5cb64af1ad3db7ddae9c39fc9fa') in 0.000574 seconds
Number of updated asset objects reloaded before import = 0
Number of asset objects unloaded after import = 0
========================================================================
Received Import Request.
  Time since last request: 11.056292 seconds.
  path: Assets/Scenes/Temple.unity
  artifactKey: Guid(9d992bbef2d584946a9211d61ca2a759) Importer(815301076,1909f56bfc062723c751e8b465ee728b)
Start importing Assets/Scenes/Temple.unity using Guid(9d992bbef2d584946a9211d61ca2a759) Importer(815301076,1909f56bfc062723c751e8b465ee728b) [PhysX] Initialized MultithreadedTaskDispatcher with 16 workers.
 -> (artifact id: '5ea0b1f647e9c352c94bc6a501ae16d5') in 0.000565 seconds
Number of updated asset objects reloaded before import = 0
Number of asset objects unloaded after import = 0
========================================================================
Received Import Request.
  Time since last request: 13.068630 seconds.
  path: Assets/Scenes/LevelSelectStart.unity
  artifactKey: Guid(f9b65ea677ddff342897d98b8394ef76) Importer(815301076,1909f56bfc062723c751e8b465ee728b)
Start importing Assets/Scenes/LevelSelectStart.unity using Guid(f9b65ea677ddff342897d98b8394ef76) Importer(815301076,1909f56bfc062723c751e8b465ee728b) [PhysX] Initialized MultithreadedTaskDispatcher with 16 workers.
 -> (artifact id: '7fe0a0a510f88fb76de5e245704b378e') in 0.000718 seconds
Number of updated asset objects reloaded before import = 0
Number of asset objects unloaded after import = 0
========================================================================
Received Import Request.
  Time since last request: 3.148145 seconds.
  path: Assets/Scenes/LevelSelect.unity
  artifactKey: Guid(f68fbf1ab8e504ed2bb078ddcd435b7b) Importer(815301076,1909f56bfc062723c751e8b465ee728b)
Start importing Assets/Scenes/LevelSelect.unity using Guid(f68fbf1ab8e504ed2bb078ddcd435b7b) Importer(815301076,1909f56bfc062723c751e8b465ee728b) [PhysX] Initialized MultithreadedTaskDispatcher with 16 workers.
 -> (artifact id: '228f5d06d08561242ce4c81108170437') in 0.000568 seconds
Number of updated asset objects reloaded before import = 0
Number of asset objects unloaded after import = 0
========================================================================
Received Import Request.
  Time since last request: 46.503846 seconds.
  path: Assets/Scenes/Menu Screen.unity
  artifactKey: Guid(6477d7da13307814e8c862aa719be8c2) Importer(815301076,1909f56bfc062723c751e8b465ee728b)
Start importing Assets/Scenes/Menu Screen.unity using Guid(6477d7da13307814e8c862aa719be8c2) Importer(815301076,1909f56bfc062723c751e8b465ee728b) [PhysX] Initialized MultithreadedTaskDispatcher with 16 workers.
 -> (artifact id: '6a15e15ceedfd18327299c4bf2140a51') in 0.000771 seconds
Number of updated asset objects reloaded before import = 0
Number of asset objects unloaded after import = 0
========================================================================
Received Import Request.
  Time since last request: 16.407949 seconds.
  path: Assets/Scenes/Test Level.unity
  artifactKey: Guid(58015d43e0de9604b8488ded9a9c94e1) Importer(815301076,1909f56bfc062723c751e8b465ee728b)
Start importing Assets/Scenes/Test Level.unity using Guid(58015d43e0de9604b8488ded9a9c94e1) Importer(815301076,1909f56bfc062723c751e8b465ee728b) [PhysX] Initialized MultithreadedTaskDispatcher with 16 workers.
 -> (artifact id: '8bdb6de20f07b3caa42c56bac2788fd9') in 0.000512 seconds
Number of updated asset objects reloaded before import = 0
Number of asset objects unloaded after import = 0
========================================================================
Received Prepare
Caller must complete domain reload
Begin MonoManager ReloadAssembly
- Loaded All Assemblies, in  0.405 seconds
Native extension for WindowsStandalone target not found
Native extension for WebGL target not found
Mono: successfully reloaded assembly
- Finished resetting the current domain, in  0.999 seconds
Domain Reload Profiling: 1402ms
	BeginReloadAssembly (155ms)
		ExecutionOrderSort (0ms)
		DisableScriptedObjects (8ms)
		BackupInstance (0ms)
		ReleaseScriptingObjects (0ms)
		CreateAndSetChildDomain (39ms)
	RebuildCommonClasses (23ms)
	RebuildNativeTypeToScriptingClass (7ms)
	initialDomainReloadingComplete (23ms)
	LoadAllAssembliesAndSetupDomain (194ms)
		LoadAssemblies (251ms)
		RebuildTransferFunctionScriptingTraits (0ms)
		AnalyzeDomain (13ms)
			TypeCache.Refresh (6ms)
				TypeCache.ScanAssembly (0ms)
			ScanForSourceGeneratedMonoScriptInfo (0ms)
			ResolveRequiredComponents (4ms)
	FinalizeReload (999ms)
		ReleaseScriptCaches (0ms)
		RebuildScriptCaches (0ms)
		SetupLoadedEditorAssemblies (372ms)
			LogAssemblyErrors (0ms)
			InitializePlatformSupportModulesInManaged (7ms)
			SetLoadedEditorAssemblies (4ms)
			RefreshPlugins (0ms)
			BeforeProcessingInitializeOnLoad (66ms)
			ProcessInitializeOnLoadAttributes (262ms)
			ProcessInitializeOnLoadMethodAttributes (27ms)
			AfterProcessingInitializeOnLoad (6ms)
			EditorAssembliesLoaded (0ms)
		ExecutionOrderSort2 (0ms)
		AwakeInstancesAfterBackupRestoration (12ms)
Refreshing native plugins compatible for Editor in 7.95 ms, found 4 plugins.
Preloading 0 native plugins for Editor in 0.00 ms.
Unloading 4129 Unused Serialized files (Serialized files now loaded: 0)
Unloading 19 unused Assets / (30.9 KB). Loaded Objects now: 4904.
Memory consumption went from 162.6 MB to 162.6 MB.
Total: 3.538900 ms (FindLiveObjects: 0.255800 ms CreateObjectMapping: 0.165800 ms MarkObjects: 3.061200 ms  DeleteObjects: 0.054700 ms)

Prepare: number of updated asset objects reloaded= 0
AssetImportParameters requested are different than current active one (requested -> active):
  custom:container-demuxer-ogg: 62fdf1f143b41e24485cea50d1cbac27 -> 
  custom:video-codec-MediaFoundation-h265: 746d11721c4dcdbdad8f713fa42b33f4 -> 
  custom:video-decoder-ogg-theora: a1e56fd34408186e4bbccfd4996cb3dc -> 
  custom:framework-win-MediaFoundation: 216162199b28c13a410421893ffa2e32 -> 
  custom:CustomObjectIndexerAttribute: 9a22284fe3817be447336de3de66b15e -> 
  custom:container-demuxer-webm: 4f35f7cbe854078d1ac9338744f61a02 -> 
  custom:container-muxer-webm: aa71ff27fc2769a1b78a27578f13a17b -> 
  custom:video-decoder-webm-vp8: 9c59270c3fd7afecdb556c50c9e8de78 -> 
  custom:scripting/monoscript/fileName/leftRight.cs: f8ec8f61f245cd77ce25bbe2b5c124c6 -> 
  custom:SearchIndexIgnoredProperties: e643bd26f0fe6173181afceb89e7c659 -> 
  custom:AudioImporter_EditorPlatform: d09bf68614088b80899f8185d706f6e7 -> 
  custom:video-encoder-webm-vp8: eb34c28f22e8b96e1ab97ce403110664 -> 
  custom:audio-decoder-ogg-vorbis: bf7c407c2cedff20999df2af8eb42d56 -> 
  custom:audio-encoder-webm-vorbis: bf7c407c2cedff20999df2af8eb42d56 -> 
  custom:scripting/precompiled-assembly-types:Assembly-CSharp: 7bbd880ac58b1258f047064f14cbb0e9 -> 124c1a73a79abe1cc2eb3cf98fea39d5
========================================================================
Received Prepare
Caller must complete domain reload
Begin MonoManager ReloadAssembly
- Loaded All Assemblies, in  0.360 seconds
Native extension for WindowsStandalone target not found
Native extension for WebGL target not found
Mono: successfully reloaded assembly
- Finished resetting the current domain, in  0.875 seconds
Domain Reload Profiling: 1232ms
	BeginReloadAssembly (118ms)
		ExecutionOrderSort (0ms)
		DisableScriptedObjects (10ms)
		BackupInstance (0ms)
		ReleaseScriptingObjects (0ms)
		CreateAndSetChildDomain (22ms)
	RebuildCommonClasses (24ms)
	RebuildNativeTypeToScriptingClass (7ms)
	initialDomainReloadingComplete (23ms)
	LoadAllAssembliesAndSetupDomain (185ms)
		LoadAssemblies (233ms)
		RebuildTransferFunctionScriptingTraits (0ms)
		AnalyzeDomain (12ms)
			TypeCache.Refresh (5ms)
				TypeCache.ScanAssembly (0ms)
			ScanForSourceGeneratedMonoScriptInfo (0ms)
			ResolveRequiredComponents (4ms)
	FinalizeReload (875ms)
		ReleaseScriptCaches (0ms)
		RebuildScriptCaches (0ms)
		SetupLoadedEditorAssemblies (360ms)
			LogAssemblyErrors (0ms)
			InitializePlatformSupportModulesInManaged (6ms)
			SetLoadedEditorAssemblies (4ms)
			RefreshPlugins (0ms)
			BeforeProcessingInitializeOnLoad (62ms)
			ProcessInitializeOnLoadAttributes (255ms)
			ProcessInitializeOnLoadMethodAttributes (26ms)
			AfterProcessingInitializeOnLoad (6ms)
			EditorAssembliesLoaded (0ms)
		ExecutionOrderSort2 (0ms)
		AwakeInstancesAfterBackupRestoration (11ms)
Refreshing native plugins compatible for Editor in 7.73 ms, found 4 plugins.
Preloading 0 native plugins for Editor in 0.00 ms.
Unloading 4129 Unused Serialized files (Serialized files now loaded: 0)
Unloading 19 unused Assets / (30.9 KB). Loaded Objects now: 4908.
Memory consumption went from 162.6 MB to 162.6 MB.
Total: 3.689600 ms (FindLiveObjects: 0.260700 ms CreateObjectMapping: 0.158100 ms MarkObjects: 3.210300 ms  DeleteObjects: 0.059200 ms)

Prepare: number of updated asset objects reloaded= 0
AssetImportParameters requested are different than current active one (requested -> active):
  custom:container-demuxer-ogg: 62fdf1f143b41e24485cea50d1cbac27 -> 
  custom:video-codec-MediaFoundation-h265: 746d11721c4dcdbdad8f713fa42b33f4 -> 
  custom:video-decoder-ogg-theora: a1e56fd34408186e4bbccfd4996cb3dc -> 
  custom:framework-win-MediaFoundation: 216162199b28c13a410421893ffa2e32 -> 
  custom:CustomObjectIndexerAttribute: 9a22284fe3817be447336de3de66b15e -> 
  custom:container-demuxer-webm: 4f35f7cbe854078d1ac9338744f61a02 -> 
  custom:container-muxer-webm: aa71ff27fc2769a1b78a27578f13a17b -> 
  custom:video-decoder-webm-vp8: 9c59270c3fd7afecdb556c50c9e8de78 -> 
  custom:scripting/monoscript/fileName/leftRight.cs: f8ec8f61f245cd77ce25bbe2b5c124c6 -> 
  custom:SearchIndexIgnoredProperties: e643bd26f0fe6173181afceb89e7c659 -> 
  custom:AudioImporter_EditorPlatform: d09bf68614088b80899f8185d706f6e7 -> 
  custom:video-encoder-webm-vp8: eb34c28f22e8b96e1ab97ce403110664 -> 
  custom:audio-decoder-ogg-vorbis: bf7c407c2cedff20999df2af8eb42d56 -> 
  custom:audio-encoder-webm-vorbis: bf7c407c2cedff20999df2af8eb42d56 -> 
  custom:scripting/precompiled-assembly-types:Assembly-CSharp: 7bbd880ac58b1258f047064f14cbb0e9 -> 124c1a73a79abe1cc2eb3cf98fea39d5
