{"cameraMode":{"drawMode":0,"name":"Shaded","section":"Shading Mode"},"sceneLighting":false,"audioPlay":false,"sceneViewState":{"m_AlwaysRefresh":false,"showFog":true,"showSkybox":false,"showFlares":true,"showImageEffects":true,"showParticleSystems":true,"showVisualEffectGraphs":true,"m_FxEnabled":true},"in2DMode":false,"pivot":{"x":1.5445605516433716,"y":0.042124032974243167,"z":0.1227903962135315},"rotation":{"x":-0.5658752918243408,"y":-0.006885662209242582,"z":0.0047730375081300739,"w":-0.8244840502738953},"size":0.866025447845459,"orthographic":false}