{"cameraMode":{"drawMode":0,"name":"Shaded","section":"Shading Mode"},"sceneLighting":true,"audioPlay":false,"sceneViewState":{"m_AlwaysRefresh":false,"showFog":true,"showSkybox":true,"showFlares":true,"showImageEffects":true,"showParticleSystems":true,"showVisualEffectGraphs":true,"m_FxEnabled":true},"in2DMode":false,"pivot":{"x":-0.4959714114665985,"y":1.2845872640609742,"z":2.812220811843872},"rotation":{"x":-0.044279009103775027,"y":-0.9555482864379883,"z":0.21599824726581574,"w":-0.19589869678020478},"size":0.06481246650218964,"orthographic":false}