{"cameraMode":{"drawMode":0,"name":"Shaded","section":"Shading Mode"},"sceneLighting":true,"audioPlay":false,"sceneViewState":{"m_AlwaysRefresh":false,"showFog":true,"showSkybox":true,"showFlares":true,"showImageEffects":true,"showParticleSystems":true,"showVisualEffectGraphs":true,"m_FxEnabled":true},"in2DMode":false,"pivot":{"x":-1.744311809539795,"y":0.7579036951065064,"z":1.6663546562194825},"rotation":{"x":-0.05861668288707733,"y":-0.8522907495498657,"z":0.09785141795873642,"w":-0.5105514526367188},"size":1.2929041385650635,"orthographic":false}