{"cameraMode":{"drawMode":0,"name":"Shaded","section":"Shading Mode"},"sceneLighting":true,"audioPlay":false,"sceneViewState":{"m_AlwaysRefresh":false,"showFog":true,"showSkybox":true,"showFlares":true,"showImageEffects":true,"showParticleSystems":true,"showVisualEffectGraphs":true,"m_FxEnabled":true},"in2DMode":false,"pivot":{"x":0.33996522426605227,"y":-0.23531877994537354,"z":-0.1289278268814087},"rotation":{"x":-0.08344123512506485,"y":0.9163196086883545,"z":-0.2657849192619324,"w":-0.2876724302768707},"size":1.5742210149765015,"orthographic":false}