{"cameraMode":{"drawMode":0,"name":"Shaded","section":"Shading Mode"},"sceneLighting":true,"audioPlay":false,"sceneViewState":{"m_AlwaysRefresh":false,"showFog":true,"showSkybox":true,"showFlares":true,"showImageEffects":true,"showParticleSystems":true,"showVisualEffectGraphs":true,"m_FxEnabled":true},"in2DMode":false,"pivot":{"x":3.7813446521759035,"y":-36.028900146484378,"z":15.945716857910157},"rotation":{"x":-0.5269503593444824,"y":-0.005317370407283306,"z":0.003279329976066947,"w":-0.8499045372009277},"size":24.01641273498535,"orthographic":false}