{"cameraMode":{"drawMode":0,"name":"Shaded","section":"Shading Mode"},"sceneLighting":true,"audioPlay":false,"sceneViewState":{"m_AlwaysRefresh":false,"showFog":true,"showSkybox":true,"showFlares":true,"showImageEffects":true,"showParticleSystems":true,"showVisualEffectGraphs":true,"m_FxEnabled":true},"in2DMode":false,"pivot":{"x":167.02825927734376,"y":39.69280242919922,"z":-0.11344849318265915},"rotation":{"x":0.17608298361301423,"y":-0.0015123499324545265,"z":0.00023147810134105384,"w":0.9844104051589966},"size":81.64176177978516,"orthographic":true}