{"cameraMode":{"drawMode":0,"name":"Shaded","section":"Shading Mode"},"sceneLighting":true,"audioPlay":false,"sceneViewState":{"m_AlwaysRefresh":false,"showFog":true,"showSkybox":true,"showFlares":true,"showImageEffects":true,"showParticleSystems":true,"showVisualEffectGraphs":true,"m_FxEnabled":true},"in2DMode":false,"pivot":{"x":1.7739566564559937,"y":-28.882137298583986,"z":-1.9240005016326905},"rotation":{"x":0.7011420726776123,"y":-0.0008823536336421967,"z":0.0008316732128150761,"w":0.7130166292190552},"size":17.77631378173828,"orthographic":false}