{"cameraMode":{"drawMode":0,"name":"Shaded","section":"Shading Mode"},"sceneLighting":true,"audioPlay":false,"sceneViewState":{"m_AlwaysRefresh":false,"showFog":true,"showSkybox":true,"showFlares":true,"showImageEffects":true,"showParticleSystems":true,"showVisualEffectGraphs":true,"m_FxEnabled":true},"in2DMode":false,"pivot":{"x":3.165008068084717,"y":11.48728084564209,"z":-7.603753566741943},"rotation":{"x":0.4638802409172058,"y":0.009301647543907166,"z":-0.004870929755270481,"w":0.885838508605957},"size":0.13747960329055787,"orthographic":false}