{"cameraMode":{"drawMode":0,"name":"Shaded","section":"Shading Mode"},"sceneLighting":true,"audioPlay":false,"sceneViewState":{"m_AlwaysRefresh":false,"showFog":true,"showSkybox":true,"showFlares":true,"showImageEffects":true,"showParticleSystems":true,"showVisualEffectGraphs":true,"m_FxEnabled":true},"in2DMode":false,"pivot":{"x":3.2196524143218996,"y":-35.779178619384769,"z":13.323869705200196},"rotation":{"x":0.534550666809082,"y":-0.025839651003479959,"z":0.01583612523972988,"w":0.8444899320602417},"size":23.928977966308595,"orthographic":false}